0.000000000000000000e+00,0.000000000000000000e+00,0.000000000000000000e+00,0.000000000000000000e+00,0.000000000000000000e+00,0.000000000000000000e+00
0.000000000000000000e+00,0.000000000000000000e+00,0.000000000000000000e+00,0.000000000000000000e+00,0.000000000000000000e+00,0.000000000000000000e+00
-2.149812639963770707e-22,6.430933503268233950e-04,-7.184203219812853800e-04,7.532697165446222893e-05,3.679485936448691189e-23,-2.400081426512262339e-19
-4.107163409375212246e-08,1.929280050980470510e-03,-2.155260965943856140e-03,2.259671407470037463e-04,-4.107163409375136808e-08,1.377421638236901346e-08
-2.875014091662530091e-07,3.858558853825271549e-03,-4.310517718888799005e-03,4.518624455950239101e-04,-2.875014091662520032e-07,9.641946850428354169e-08
-1.026789857113856907e-06,6.430921781112072626e-03,-7.184164220637987743e-03,7.528980854129490663e-04,-1.026789857113855425e-06,3.443541129675486067e-07
-2.669646052263113426e-06,9.646343832365818563e-03,-1.077611854552909358e-02,1.128879401285803148e-03,-2.669646052263091827e-06,8.953118774747139184e-07
-5.749969364016756263e-06,1.350476788341348558e-02,-1.508619431108474546e-02,1.579498105261228913e-03,-5.749969364016399662e-06,1.928322410031549442e-06
-1.092480590881306167e-05,1.800608478909080518e-02,-2.011403634786645619e-02,2.104287892577293151e-03,-1.092480590880944314e-05,3.663666198325667818e-06
-1.897426279752679372e-05,2.315010871617064273e-02,-2.585904100959256907e-02,2.702569506039389363e-03,-1.897426279750557047e-05,6.362787382266806545e-06
-3.080135899455269799e-05,2.893654775776123567e-02,-3.232026127667906451e-02,3.373385374998160574e-03,-3.080135899444734742e-05,1.032814391822029773e-05
-4.743178749629208744e-05,3.536496991718928590e-02,-3.949629691682675359e-02,4.115424029011219113e-03,-4.743178749585160998e-05,1.590297062008977933e-05
-7.001355972409897409e-05,4.243476460038087678e-02,-4.738517011976175336e-02,4.926934592463247733e-03,-7.001355972251392472e-05,2.347092689535159986e-05
-9.981649968233222159e-05,5.014509982282498723e-02,-5.598418722544640236e-02,5.805631804905109911e-03,-9.981649967729606184e-05,3.345559764542277887e-05
-1.382315527808651611e-04,5.849487542168103904e-02,-6.528978742027201354e-02,6.748592185405969529e-03,-1.382315527664311776e-04,4.631981298178784853e-05
-1.867698725417477165e-04,6.748267266605738335e-02,-7.529737958605789427e-02,7.752142169130069385e-03,-1.867698725038007489e-04,6.256475033622786253e-05
-2.470616480302648371e-04,7.710670077849834936e-02,-8.600116885132708111e-02,8.811739290054973819e-03,-2.470616479375505352e-04,8.272878146872931137e-05
-3.208546361399054834e-04,8.736474101649131796e-02,-9.739397480870780333e-02,9.921847762136929219e-03,-3.208546359272031233e-04,1.073860270860179630e-04
-4.100123662090227050e-04,9.825408911090571795e-02,-1.094670438170986249e-01,1.107581011610923351e-02,-4.100123657470254026e-04,1.371445835823288781e-04
-5.165119902386045361e-04,1.097714970133288614e-01,-1.222098582875645045e-01,1.226571687067063050e-02,-5.165119892821599772e-04,1.726443901066164260e-04
-6.424417605563491254e-04,1.219131150587636908e-01,-1.356099463368011793e-01,1.348227654131128883e-02,-6.424417586586402473e-04,2.145547100235244240e-04
-7.899981283820065037e-04,1.346744357944175408e-01,-1.496526956541157083e-01,1.471468859960183874e-02,-7.899981247567096094e-04,2.635712090830688256e-04
-9.614824714971740346e-04,1.480502408476556120e-01,-1.643211758340661355e-01,1.595052226885188343e-02,-9.614824648032651525e-04,3.204126233571452610e-04
-1.159297477011043400e-03,1.620345522933978599e-01,-1.795959737394162425e-01,1.717560425411742905e-02,-1.159297465025355134e-03,3.858170232048660844e-04
-1.385943225687314481e-03,1.766205900193448530e-01,-1.954550466377042717e-01,1.837391862959138200e-02,-1.385943204817771408e-03,4.605376949719284878e-04
-1.644013046804824714e-03,1.918007365628742467e-01,-2.118735978600431447e-01,1.952752211898771059e-02,-1.644013011382096812e-03,5.453386793714339216e-04
-1.936189236098665410e-03,2.075665107945568744e-01,-2.288239795280802014e-01,2.061647788231678324e-02,-1.936189177365373526e-03,6.409900238592771034e-04
-2.265238752703118731e-03,2.239085516418024002e-01,-2.462756264590333366e-01,2.161881064923515047e-02,-2.265238657397328995e-03,7.482628249023686069e-04
-2.634009032682305303e-03,2.408166127791152022e-01,-2.641950246781173961e-01,2.251048560780806104e-02,-2.634008881085525035e-03,8.679241537461124733e-04
-3.045424075035026937e-03,2.582795688623622521e-01,-2.825457170493387293e-01,2.326541287258588817e-02,-3.045423838323976003e-03,1.000731974897907557e-03
-3.502480969340396235e-03,2.762854334643813359e-01,-3.012883474072821088e-01,2.385547863527528317e-02,-3.502480606046236723e-03,1.147430178809009330e-03
-4.008247040981799056e-03,2.948213883969228455e-01,-3.203807432833696844e-01,2.425060327662699813e-02,-4.008246492320104853e-03,1.308743858005620127e-03
-4.565857789008217690e-03,3.138738236049623542e-01,-3.397780359389254712e-01,2.441882583353995745e-02,-4.565856972797591694e-03,1.485374958263918112e-03
-5.178515782537368092e-03,3.334283863246244595e-01,-3.594328150278594536e-01,2.432641332422980779e-02,-5.178514585374146238e-03,1.677998432761361458e-03
-5.849490664184878695e-03,3.534700377385755488e-01,-3.792953139051624678e-01,2.393799259477613628e-02,-5.849488931485681900e-03,1.887259017325806660e-03
-6.582120384022941383e-03,3.739831149752738115e-01,-3.993136204636573705e-01,2.321670161959107220e-02,-6.582117907485694405e-03,2.113768729289777250e-03
-7.379813756407195384e-03,3.949513960092215226e-01,-4.194339074998489347e-01,2.212435661646061646e-02,-7.379810258374368444e-03,2.358105171862282315e-03
-8.246054396605143749e-03,4.163581648494336651e-01,-4.396006760401989233e-01,2.062163096142974675e-02,-8.246049510739886235e-03,2.620810701585988417e-03
-9.184406056847130295e-03,4.381862743642938596e-01,-4.597570048359192474e-01,1.866824173102569692e-02,-9.184399304453000346e-03,2.902392489870781259e-03
-1.019851934470651471e-02,4.604182041838256745e-01,-4.798447993626114849e-01,1.622313976166705682e-02,-1.019851010593379563e-02,3.203323482432215812e-03
-1.129213977304244568e-02,4.830361113358206393e-01,-4.998050341172932121e-01,1.324469938282762937e-02,-1.129212725212734407e-02,3.524044234319729466e-03
-1.246911706227922523e-02,5.060218715920243859e-01,-5.195779827411523000e-01,9.690904420027530303e-03,-1.246910024585514039e-02,3.864965574499197067e-03
-1.373341559429536868e-02,5.293571099000503599e-01,-5.391034314449749676e-01,5.519527632772923235e-03,-1.373339320169605741e-02,4.226472033735908379e-03
-1.508912590388348206e-02,5.530232187277767109e-01,-5.583208722984669414e-01,6.883014014368764658e-04,-1.508909632822418197e-02,4.608925953482428256e-03
-1.654047708932469482e-02,5.770013636212095731e-01,-5.771696740855489782e-01,-4.844921845095597097e-03,-1.654043832799652336e-02,5.012672181858452911e-03
-1.809185002833891415e-02,6.012724757480083504e-01,-5.955892295516522772e-01,-1.112202030961075699e-02,-1.809179960138112414e-02,5.438043255462297193e-03
-1.974779129941062888e-02,6.258172316452864647e-01,-6.135190789139589596e-01,-1.818446486167482612e-02,-1.974772615403104850e-02,5.885364962185530603e-03
-2.151302773092337098e-02,6.506160207957594199e-01,-6.308990104243984431e-01,-2.607319216151051527e-02,-2.151294413021555968e-02,6.354962179677417500e-03
-2.339248153127538449e-02,6.756489020106773991e-01,-6.476691395374792881e-01,-3.482848820099958970e-02,-2.339237492492666354e-02,6.847164885743062430e-03
-2.539128599188008456e-02,7.008955498968503228e-01,-6.637699688262049813e-01,-4.448988130165817956e-02,-2.539115086637207253e-02,7.362314239828787049e-03
-2.751480180154900965e-02,7.263351929289451059e-01,-6.791424312089323623e-01,-5.509604343796267734e-02,-2.751463150701456695e-02,7.900768637954665510e-03
-2.976863406534623405e-02,7.519465448413781283e-01,-6.937279193089083140e-01,-6.668469869265934713e-02,-2.976842061585560639e-02,8.462909646198698080e-03
-3.215865018402853243e-02,7.777077312033325862e-01,-7.074683038852895844e-01,-7.929253768590044382e-02,-3.215838402762270093e-02,9.049147719459705794e-03
-3.469099882239037175e-02,8.035962131538291198e-01,-7.203059442737413942e-01,-9.295513693585662207e-02,-3.469066857664889619e-02,9.659927612225938792e-03
-3.737213027724632652e-02,8.295887103598411638e-01,-7.321836936827628151e-01,-1.077068822864987313e-01,-3.737172242555491380e-02,1.029573338611596001e-02
-4.020881864966944358e-02,8.556611253272021766e-01,-7.430449020357577927e-01,-1.235808957593726859e-01,-4.020831719262052406e-02,1.095709291485303521e-02
-4.320818633289327804e-02,8.817884712486140364e-01,-7.528334188548304606e-01,-1.406089654312668857e-01,-4.320757238838717623e-02,1.164458178103249843e-02
-4.637773144849142992e-02,9.079448056213527130e-01,-7.614935984751208808e-01,-1.588214781899820183e-01,-4.637698279307782973e-02,1.235882645059799279e-02
-4.972535900057482167e-02,9.341031719140358014e-01,-7.689703096813963468e-01,-1.782473554577564956e-01,-4.972444954334786366e-02,1.310050660048478477e-02
-5.325941667217803932e-02,9.602355516107983213e-01,-7.752089516934941305e-01,-1.989139921784213172e-01,-5.325831585106875765e-02,1.387035646258061826e-02
-5.698873636088301609e-02,9.863128290155206424e-01,-7.801554783153769046e-01,-2.208471995221721884e-01,-5.698740844942452866e-02,1.466916503315428798e-02
-6.092268274279852985e-02,1.012304771261277603e+00,-7.837564320256631412e-01,-2.440711518525661150e-01,-6.092108605330355531e-02,1.549777498131251798e-02
-6.507121036542899695e-02,1.038180026044257964e+00,-7.859589898485999093e-01,-2.686083385045070493e-01,-6.506929633193031526e-02,1.635708007286059210e-02
-6.944493099999547725e-02,1.063906139691413122e+00,-7.867110230292472250e-01,-2.944795208184479152e-01,-6.944264312115309978e-02,1.724802090698353968e-02
-7.405519323036373336e-02,1.089449598283148246e+00,-7.859611728746818127e-01,-3.217036946414108534e-01,-7.405246584870789350e-02,1.817157874201332304e-02
-7.891417651481329176e-02,1.114775894694980618e+00,-7.836589456488344263e-01,-3.502980581135189952e-01,-7.891093340401202083e-02,1.912876716246874470e-02
-8.403500222120829921e-02,1.139849624606716239e+00,-7.797548301625911726e-01,-3.802779839801173623e-01,-8.403115494733033597e-02,2.012062131142473495e-02
-8.943186439343223104e-02,1.164634614769066268e+00,-7.742004427298422309e-01,-4.116569948713840743e-01,-8.942731040918920626e-02,2.114818437850819050e-02
-9.512018323686328991e-02,1.189094087133517386e+00,-7.669487055169976752e-01,-4.444467389375482691e-01,-9.511480365928698388e-02,2.221249099235996990e-02
-1.011167844797981746e-01,1.213190862861512009e+00,-7.579540660547061659e-01,-4.786569618802369308e-01,-1.011104414914220789e-01,2.331454711470351202e-02
-1.074401078216778854e-01,1.236887610752891220e+00,-7.471727678616186807e-01,-5.142954697411821208e-01,-1.074326416226930037e-01,2.445530596831948025e-02
-1.141104475296329385e-01,1.260147145284949532e+00,-7.345631847957180272e-01,-5.513680747659527315e-01,-1.141016727533002845e-01,2.563563945027629021e-02
-1.211502277503889724e-01,1.282932780231845760e+00,-7.200862349150038977e-01,-5.898785142344529220e-01,-1.211399292358580349e-01,2.685630438226246919e-02
-1.285843140379394345e-01,1.305208744709454693e+00,-7.037058932528045263e-01,-6.298283293543562866e-01,-1.285722418332830852e-01,2.811790283095953052e-02
-1.364403605978175005e-01,1.326940669378653403e+00,-6.853898268393978643e-01,-6.712166882194082751e-01,-1.364262240415344274e-01,2.942083559571268339e-02
-1.447491892475717135e-01,1.348096151262113906e+00,-6.651101791825865250e-01,-7.140401336161386059e-01,-1.447326499495232011e-01,3.076524781759506014e-02
-1.535451902026816473e-01,1.368645405852318753e+00,-6.428445345821923729e-01,-7.582922334697357325e-01,-1.535258537168962267e-01,3.215096553454784012e-02
-1.628667251509108294e-01,1.388562014331316652e+00,-6.185770939013763847e-01,-8.039631095874030242e-01,-1.628441311061562258e-01,3.357742193331028635e-02
-1.727564976097831773e-01,1.407823770828142251e+00,-5.923000907477027344e-01,-8.510388201650357365e-01,-1.727301080456282723e-01,3.504357210596648758e-02
-1.832618312322012166e-01,1.426413628201140371e+00,-5.640154672354730225e-01,-8.995005750117275323e-01,-1.832310168900929404e-01,3.654779543726451724e-02
-1.944347592521661339e-01,1.444320728597658254e+00,-5.337368067769344693e-01,-9.493237722786123101e-01,-1.943987836130884606e-01,3.808778554281026102e-02
-2.063317720417716383e-01,1.461541483865424151e+00,-5.014914808405241953e-01,-1.000476865468370002e+00,-2.062897730182134681e-01,3.966042928575080201e-02
-2.190129884404023175e-01,1.478080636811761606e+00,-4.673228985462841711e-01,-1.052920104621091202e+00,-2.189639578747633875e-01,4.126167932458364024e-02
-2.325404053378282709e-01,1.493952183312078574e+00,-4.312926430447623360e-01,-1.106604251275653761e+00,-2.324831669135670742e-01,4.288642957839576553e-02
-2.469747417808537682e-01,1.509179965531805001e+00,-3.934821314586494090e-01,-1.161469446785871051e+00,-2.469079287288253877e-01,4.452841075066230059e-02
-2.623702521915842745e-01,1.523797663536875069e+00,-3.539932545481783155e-01,-1.217444514468286387e+00,-2.622922874029206541e-01,4.618013426342541805e-02
-2.787668062152299231e-01,1.537847838730391770e+00,-3.129472805788094392e-01,-1.274447077361214431e+00,-2.786758891516206149e-01,4.783292727635960612e-02
-2.961786661980661539e-01,1.551379671218654499e+00,-2.704812498775978069e-01,-1.332384922244439052e+00,-2.960727732549040536e-01,4.947711592126652347e-02
-3.145799839511938534e-01,1.564445180215142228e+00,-2.267413342383305941e-01,-1.391158938100265141e+00,-3.144568912026603491e-01,5.110242025874849742e-02
-3.338883822420317116e-01,1.577094146019555332e+00,-1.818734432101958842e-01,-1.450667569026308001e+00,-3.337457205641812807e-01,5.269860703285489389e-02
-3.539501872989388453e-01,1.589368732121017036e+00,-1.360128822693525696e-01,-1.510811958009247613e+00,-3.537855376257090234e-01,5.425638433803502830e-02
-3.745333485866257917e-01,1.601299763534186793e+00,-8.927679470413353580e-02,-1.571499960101711002e+00,-3.743443771795989528e-01,5.576840533213896917e-02
-3.953350783442697858e-01,1.612907148400434476e+00,-4.176428027439828966e-02,-1.632646551740116747e+00,-3.951196980166554740e-01,5.723010661342878280e-02
-4.160083838256157795e-01,1.624206142889184301e+00,6.432304325409865520e-03,-1.694168774880801864e+00,-4.157649113810528707e-01,5.864003484708323055e-02
-4.362042376180121916e-01,1.635218682131665435e+00,5.520613211574790929e-02,-1.755975709811573360e+00,-4.359315096896865804e-01,5.999942834872514646e-02
-4.556176341390236750e-01,1.645985951494280064e+00,1.044121185431275689e-01,-1.817957074281430607e+00,-4.553150516124813696e-01,6.131113059753479783e-02
-4.740225667479473493e-01,1.656577020523488875e+00,1.538507766674373778e-01,-1.879975617041805380e+00,-4.736900607498917282e-01,6.257824217816070067e-02
-4.912862084648832450e-01,1.667090027272716934e+00,2.032668157838989076e-01,-1.941866987997968419e+00,-4.909241460345257213e-01,6.380302074191684936e-02
-5.073624294999676820e-01,1.677645916015674921e+00,2.523626022829327242e-01,-2.003447207167071920e+00,-5.069714908710765133e-01,6.498634785099882683e-02
-5.222722559266613773e-01,1.688377611729796834e+00,3.008207037530762906e-01,-2.064524754629953218e+00,-5.218533137609984163e-01,6.612776950632276440e-02
-5.360804951649261740e-01,1.699418319690534140e+00,3.483279708242236206e-01,-2.124913316383953976e+00,-5.356345149440870923e-01,6.722590133088783559e-02
-5.488750579716759059e-01,1.710891719438582426e+00,3.945954180410707335e-01,-2.184442135407102636e+00,-5.484030264295592927e-01,6.827894735641250323e-02
-5.607517646124424715e-01,1.722905321143104462e+00,4.393712663084896608e-01,-2.242962564313263574e+00,-5.602546445415438336e-01,6.928515500529452975e-02
-5.718047154357192019e-01,1.735547026814154403e+00,4.824471039855797727e-01,-2.300350824867732236e+00,-5.712834212548458801e-01,7.024312865727432020e-02
-5.821210489403252364e-01,1.748884270014517295e+00,5.236585683532564151e-01,-2.356507777454662111e+00,-5.815764367352339592e-01,7.115199739402948420e-02
-5.917786697448519373e-01,1.762964908919701035e+00,5.628823858379105038e-01,-2.411356747162443526e+00,-5.912115364386723027e-01,7.201146823274148789e-02
-6.008457631828001411e-01,1.777819123305945048e+00,6.000314394178349886e-01,-2.464840354760354124e+00,-6.002568509072854219e-01,7.282180444813468601e-02
-6.093812665601890943e-01,1.793461750614930406e+00,6.350491137162934674e-01,-2.516917059420574532e+00,-6.087712696010005864e-01,7.358376295388960320e-02
-6.174357772006632272e-01,1.809894689833304149e+00,6.679037267307391668e-01,-2.567557863935603812e+00,-6.168053498839509707e-01,7.429851479528509772e-02
-6.250525999047085168e-01,1.827109159949423800e+00,6.985834957249195121e-01,-2.616743423317188011e+00,-6.244023644744340906e-01,7.496756352398628587e-02
-6.322687786742584581e-01,1.845087711392927154e+00,7.270922302475347765e-01,-2.664461650340736565e+00,-6.315993326454932832e-01,7.559266929535714274e-02
-6.391160413002417995e-01,1.863805959370958165e+00,7.534457862672541140e-01,-2.710705820517622655e+00,-6.384279640374185272e-01,7.617578202388403108e-02
-6.456216313585539934e-01,1.883234047795762534e+00,7.776692279861795454e-01,-2.755473130014898242e+00,-6.449154897802108488e-01,7.671898432485362018e-02
-6.518090255118198506e-01,1.903337871747234455e+00,7.997946040923389344e-01,-2.798763639009681281e+00,-6.510853789079950049e-01,7.722444364683903051e-02
-6.576985446525558388e-01,1.924080093146610437e+00,8.198592341389433491e-01,-2.840579528625474026e+00,-6.569579486459140583e-01,7.769437245848384577e-02
-6.633078713050101216e-01,1.945420984115506791e+00,8.379044052545567833e-01,-2.880924604150627122e+00,-6.625508810094521417e-01,7.813099524423015863e-02
-6.686524862293339311e-01,1.967319128923988414e+00,8.539743911598185466e-01,-2.919803985768396615e+00,-6.678796586705101346e-01,7.853652116543304029e-02
-6.737460361976076451e-01,1.989732010607120349e+00,8.681157196189240866e-01,-2.957223937691207283e+00,-6.729579320642109508e-01,7.891312142644742178e-02
-6.786006434009801414e-01,2.012616503409282664e+00,8.803766283822568317e-01,-2.993191795900027152e+00,-6.777978281970131746e-01,7.926291058039471038e-02
-6.832271653717795212e-01,2.035929287766701457e+00,8.908066621577500621e-01,-3.027715962971678998e+00,-6.824102100397198001e-01,7.958793118330859118e-02
-6.876354128709740721e-01,2.059627200785219880e+00,8.994563737477045962e-01,-3.060805945519099680e+00,-6.868048939545881026e-01,7.989014134574974613e-02
-6.918343319711480754e-01,2.083667532149485524e+00,9.063771011845882519e-01,-3.092472415593425783e+00,-6.909908313848832639e-01,8.017140483627317737e-02
-6.958321555635930133e-01,2.108008273055594017e+00,9.116207996681046088e-01,-3.122727282128176629e+00,-6.949762600330618989e-01,8.043348346513048974e-02
-6.996365287116268483e-01,2.132608323996686650e+00,9.152399125928605272e-01,-3.151583762304115854e+00,-6.987688289466889024e-01,8.067803152519009702e-02
-7.032546116273603598e-01,2.157427665944968709e+00,9.172872702159634573e-01,-3.179056445735853664e+00,-7.023757012856922666e-01,8.090659209653226769e-02
-7.066931635318101090e-01,2.182427498563756618e+00,9.178160077801861272e-01,-3.205161346767753550e+00,-7.058036380266700105e-01,8.112059503729998622e-02
-7.099586102382037245e-01,2.207570348460818899e+00,9.168794973817983029e-01,-3.229915942035062937e+00,-7.090590654394068881e-01,8.132135649105463882e-02
-7.130570979505224116e-01,2.232820150084518840e+00,9.145312897194748381e-01,-3.253339191892724802e+00,-7.121481288225629536e-01,8.151007974398510880e-02
-7.159945354742558443e-01,2.258142301606087532e+00,9.108250632171077665e-01,-3.275451545416800947e+00,-7.150767346901604204e-01,8.168785726674963887e-02
-7.187766267795080433e-01,2.283503697976461133e+00,9.058145789870691855e-01,-3.296274929504321882e+00,-7.178505833435411265e-01,8.185567377750344042e-02
-7.214088956277697751e-01,2.308872743257381455e+00,8.995536407772276588e-01,-3.315832723187102093e+00,-7.204751935346676017e-01,8.201441016603015777e-02
-7.238967037660565262e-01,2.334219344276295960e+00,8.920960594923663667e-01,-3.334149718674702889e+00,-7.229559207191851300e-01,8.216484812448997255e-02
-7.262452640014908090e-01,2.359514887623209489e+00,8.834956221515952723e-01,-3.351252070885177403e+00,-7.252979702073193424e-01,8.230767533828584059e-02
-7.284596492934268808e-01,2.384732201981650146e+00,8.738060652793998573e-01,-3.367167237337809649e+00,-7.275064063450737972e-01,8.244349110075985254e-02
-7.305447988377340440e-01,2.409845507756838145e+00,8.630810527615984107e-01,-3.381923910293747504e+00,-7.295861586961552847e-01,8.257281222746895577e-02
-7.325055219684647456e-01,2.434830355927379397e+00,8.513741581541075520e-01,-3.395551942958753955e+00,-7.315420260461481528e-01,8.269607915913547436e-02
-7.343465005657563438e-01,2.459663558000431571e+00,8.387388513320270800e-01,-3.408082271424996090e+00,-7.333786789145937401e-01,8.281366215645501183e-02
-7.360722905354624146e-01,2.484323108894360477e+00,8.252284892249736048e-01,-3.419546833841302202e+00,-7.351006611377873812e-01,8.292586750421718222e-02
-7.376873228155873541e-01,2.508788104508632433e+00,8.108963102145971824e-01,-3.429978488077184640e+00,-7.367123909751809308e-01,8.303294365614395656e-02
-7.391959042668329039e-01,2.533038655669874739e+00,7.957954315823627667e-01,-3.439410928897123298e+00,-7.382181620949814782e-01,8.313508726504238722e-02
-7.406022187189641448e-01,2.557055800067613127e+00,7.799788491991184181e-01,-3.447878605398825513e+00,-7.396221447093691559e-01,8.323244905495359725e-02
-7.419103283705555940e-01,2.580821413714857737e+00,7.634994384510167542e-01,-3.455416639202118834e+00,-7.409283870560002816e-01,8.332513950269666847e-02
-7.431241756761145512e-01,2.604318123388581707e+00,7.464099552070440069e-01,-3.462060743612715541e+00,-7.421408173592425328e-01,8.341323430537839201e-02
-7.442475858005948020e-01,2.627529221423624328e+00,7.287630354599115012e-01,-3.467847143735730331e+00,-7.432632463509070142e-01,8.349677961796916903e-02
-7.452842696758497087e-01,2.650438584150241361e+00,7.106111921229837369e-01,-3.472812497285567623e+00,-7.442993703850323550e-01,8.357579705090249778e-02
-7.462378276555694523e-01,2.673030595179017865e+00,6.920068073504765938e-01,-3.476993815639486396e+00,-7.452527751434900871e-01,8.365028842187190172e-02
-7.471117537336938730e-01,2.695290074644999923e+00,6.730021186761961927e-01,-3.480428384519435259e+00,-7.461269398977991019e-01,8.372024025865988650e-02
-7.479094402652716189e-01,2.717202215422726219e+00,6.536491972478797319e-01,-3.483153683568100067e+00,-7.469252422666647906e-01,8.378562805106946898e-02
-7.486341831074895259e-01,2.738752527211884225e+00,6.339999164800347309e-01,-3.485207304017484908e+00,-7.476509633876200489e-01,8.384642025001420862e-02
-7.492891870814998301e-01,2.759926789265930491e+00,6.141059095677435797e-01,-3.486626863638062179e+00,-7.483072934041336000e-01,8.390258201076941647e-02
-7.498775716423116133e-01,2.780711012389718739e+00,5.940185145053643589e-01,-3.487449918208528121e+00,-7.488973371562475112e-01,8.395407867554292858e-02
-7.504023766341235691e-01,2.801091410664141801e+00,5.737887055429999883e-01,-3.487713868863651090e+00,-7.494241199529543263e-01,8.400087898816770149e-02
-7.508665680019888100e-01,2.821054383164439461e+00,5.534670103917560535e-01,-3.487455864861134014e+00,-7.498905932980463040e-01,8.404295803115387209e-02
-7.512730433276604280e-01,2.840586505724220778e+00,5.331034129528270382e-01,-3.486712701555048088e+00,-7.502996404381214735e-01,8.408029987288670459e-02
-7.516246370580308422e-01,2.859674532561742755e+00,5.127472418857774716e-01,-3.485520713666458104e+00,-7.506540816019646734e-01,8.411289991074261119e-02
-7.519241252989271596e-01,2.878305407333436872e+00,4.924470459314813642e-01,-3.483915664290141212e+00,-7.509566788048229746e-01,8.414076689463095837e-02
-7.521742300553351246e-01,2.896466282919669233e+00,4.722504575412461159e-01,-3.481932630453977939e+00,-7.512101400993329570e-01,8.416392461523261592e-02
-7.523776228114504860e-01,2.914144548989457739e+00,4.522040470051100214e-01,-3.479605886434575357e+00,-7.514171231670996320e-01,8.418241324221956146e-02
-7.525369273602179332e-01,2.931327866146642869e+00,4.323531698831577508e-01,-3.476968786405477463e+00,-7.515802381610804384e-01,8.419629030014637305e-02
-7.526547218118936344e-01,2.948004205243548448e+00,4.127418110847462795e-01,-3.474053648327386057e+00,-7.517020497286898140e-01,8.420563127354639688e-02
-7.527335397341095025e-01,2.964161890273407707e+00,3.934124293723916810e-01,-3.470891641257578097e+00,-7.517850781683510508e-01,8.421052983797039371e-02
-7.527758704010957258e-01,2.979789643132692234e+00,3.744058063537781811e-01,-3.467512678434717888e+00,-7.518317996972727624e-01,8.421109772008122940e-02
-7.527841581561014461e-01,2.994876628489503201e+00,3.557609041380889736e-01,-3.463945318566644005e+00,-7.518446458344759664e-01,8.420746419715753606e-02
-7.527608009174119319e-01,3.009412497011152432e+00,3.375147357533758163e-01,-3.460216677700327814e+00,-7.518260019293333540e-01,8.419977525405997199e-02
-7.527081478834033446e-01,3.023387425295115616e+00,3.197022521448728005e-01,-3.456352353881247286e+00,-7.517782048908140391e-01,8.418819242340956632e-02
-7.526284965145257910e-01,3.036792151009617413e+00,3.023562491093948479e-01,-3.452376366519370965e+00,-7.517035401949800910e-01,8.417289134192773581e-02
-7.525240888888249380e-01,3.049618001974901738e+00,2.855072968918710985e-01,-3.448311111985361332e+00,-7.516042382669300137e-01,8.415406006212219903e-02
-7.523971075417030807e-01,3.061856918190897670e+00,2.691836944127090070e-01,-3.444177336486056173e+00,-7.514824703474275447e-01,8.413189716336759438e-02
-7.522496709095097822e-01,3.073501466125224901e+00,2.534114492543412811e-01,-3.439994126741247715e+00,-7.513403439633217218e-01,8.410660970962170746e-02
-7.520838285000240875e-01,3.084544844898998495e+00,2.382142836622167525e-01,-3.435778918436025897e+00,-7.511798981243397177e-01,8.407841110236530247e-02
-7.519015559111059677e-01,3.094980884328217385e+00,2.236136659602320775e-01,-3.431547521886550101e+00,-7.510030983670799021e-01,8.404751887682242184e-02
-7.517047498122575444e-01,3.104804035078498448e+00,2.096288659895618189e-01,-3.427314163861555851e+00,-7.508118317605374514e-01,8.401415248721241791e-02
-7.514952229933025141e-01,3.114009351456158203e+00,1.962770324915351083e-01,-3.423091544071742209e+00,-7.506079019770321992e-01,8.397853112292796851e-02
-7.512746995708380338e-01,3.122592467578497288e+00,1.835732897976097844e-01,-3.418890904492313698e+00,-7.503930245189207593e-01,8.394087159243569796e-02
-7.510448104275604386e-01,3.130549567834136404e+00,1.715308507788259051e-01,-3.414722109430778918e+00,-7.501688221760031139e-01,8.390138630572581413e-02
-7.508070889430681349e-01,3.137877352658195118e+00,1.601611427478837613e-01,-3.410593734095609619e+00,-7.499368207721136548e-01,8.386028137967861673e-02
-7.505629670582447677e-01,3.144573000708571708e+00,1.494739428932003455e-01,-3.406513159357771769e+00,-7.496984452429578116e-01,8.381775488414035247e-02
-7.503137716996315376e-01,3.150634128543298829e+00,1.394775198414953121e-01,-3.402486670417269821e+00,-7.494550160716316745e-01,8.377399524013780241e-02
-7.500607215759432789e-01,3.156058748871871877e+00,1.301787780732095723e-01,-3.398519557177662076e+00,-7.492077460940609335e-01,8.372917977578031579e-02
-7.498049243464961489e-01,3.160845228393807549e+00,1.215834021295379846e-01,-3.394616214277755617e+00,-7.489577376742585502e-01,8.368347344020037049e-02
-7.495473741510493282e-01,3.164992246154231470e+00,1.136959978262294529e-01,-3.390780238915439337e+00,-7.487059802390670926e-01,8.363702767149909512e-02
-7.492889494825031305e-01,3.168498753247426691e+00,1.065202280037295390e-01,-3.387014524808574123e+00,-7.484533481540173172e-01,8.358997941115491048e-02
-7.490304113779904238e-01,3.171363934592642320e+00,1.000589406743396109e-01,-3.383321350858229604e+00,-7.482005989160412929e-01,8.354245025472989417e-02
-7.487724018999997178e-01,3.173587173398520367e+00,9.431428775689963684e-02,-3.379702463298823734e+00,-7.479483716348842570e-01,8.349454572693069954e-02
-7.485154428770592894e-01,3.175168018828355976e+00,8.928783290402500517e-02,-3.376159150328782221e+00,-7.476971857729468596e-01,8.344635466808104918e-02
-7.482599348729452871e-01,3.176106157281812337e+00,8.498064721606651828e-02,-3.372692308407701400e+00,-7.474474401127115808e-01,8.339794871875060023e-02
-7.480061563540886249e-01,3.176401387622059591e+00,8.139339189338713754e-02,-3.369302499577584875e+00,-7.471994119216053276e-01,8.334938188956211857e-02
-7.477542630265977541e-01,3.176053600601873583e+00,7.852638710125488253e-02,-3.365989999314598968e+00,-7.469532562858691715e-01,8.330069020396578539e-02
-7.475042873168530333e-01,3.175062762678266370e+00,7.637966650944254254e-02,-3.362754834543853377e+00,-7.467090055875282850e-01,8.325189140293118295e-02
-7.472561379727694630e-01,3.173428904352166846e+00,7.495301712357056723e-02,-3.359596811554354190e+00,-7.464665691016660887e-01,8.320298470197858010e-02
-7.470095997663943610e-01,3.171152113126407990e+00,7.424600415114443464e-02,-3.356515533637012272e+00,-7.462257326947548952e-01,8.315395059267743916e-02
-7.467643332823719060e-01,3.168232531140139141e+00,7.425798074722179953e-02,-3.353510408338802762e+00,-7.459861586086341534e-01,8.310475068261831411e-02
-7.465198747808587942e-01,3.164670357508871046e+00,7.498808256869349265e-02,-3.350580644284843146e+00,-7.457473853187518431e-01,8.305532756986160059e-02
-7.462756361276231543e-01,3.160465855374514188e+00,7.643520713884997819e-02,-3.347725237571628210e+00,-7.455088274594076081e-01,8.300560474994014837e-02
-7.460309047882337508e-01,3.155619363646723574e+00,7.859797809212543118e-02,-3.344942947783518417e+00,-7.452697758128882244e-01,8.295548655560372464e-02
-7.457848438873826424e-01,3.150131313393333521e+00,8.147469443967128577e-02,-3.342232263735469999e+00,-7.450293973634912748e-01,8.290485813160793083e-02
-7.455364923384106834e-01,3.144002248811357703e+00,8.506326507663573844e-02,-3.339591359102505486e+00,-7.447867354214416924e-01,8.285358544893375865e-02
-7.452847650519501821e-01,3.137232852678764061e+00,8.936112884837574266e-02,-3.337018038164980549e+00,-7.445407098255240053e-01,8.280151536483858210e-02
-7.450284532361711731e-01,3.129823976149003872e+00,9.436516061148766954e-02,-3.334509671982390344e+00,-7.442901172368053819e-01,8.274847573704120773e-02
-7.447662248042969946e-01,3.121776672703281186e+00,1.000715638719654049e-01,-3.332063125410874349e+00,-7.440336315389839417e-01,8.269427560207967542e-02
-7.444966249077041853e-01,3.113092236018431436e+00,1.064757507613932758e-01,-3.329674675503627057e+00,-7.437698043635312395e-01,8.263870542938654695e-02
-7.442180766148670523e-01,3.103772241440076129e+00,1.135722103258457183e-01,-3.327339921981055326e+00,-7.434970657597271826e-01,8.258153746382516924e-02
-7.439288817574398749e-01,3.093818590671197022e+00,1.213543663522131388e-01,-3.325053690629431902e+00,-7.432137250307108145e-01,8.252252617023352055e-02
-7.436272219646657966e-01,3.083233559195985407e+00,1.298144262417471606e-01,-3.322809930682127266e+00,-7.429179717565614904e-01,8.246140879382748978e-02
-7.433111599058029872e-01,3.072019845859311982e+00,1.389432227565535194e-01,-3.320601607453454118e+00,-7.426078770239276095e-01,8.239790605001438839e-02
-7.429786407571168372e-01,3.060180623916174625e+00,1.487300508039828273e-01,-3.318420591726726432e+00,-7.422813948785884630e-01,8.233172295614800407e-02
-7.426274939049544166e-01,3.047719592757055285e+00,1.591625017749819238e-01,-3.316257547637755820e+00,-7.419363640123158854e-01,8.226254981591057946e-02
-7.422554348892939080e-01,3.034641029409686386e+00,1.702262983000192853e-01,-3.314101821032539252e+00,-7.415705096883081771e-01,8.219006336424321268e-02
-7.418600675828153079e-01,3.020949838822044597e+00,1.819051326107487820e-01,-3.311941330500544733e+00,-7.411814459001523359e-01,8.211392807699861851e-02
-7.414388865889353086e-01,3.006651601853424172e+00,1.941805119741371599e-01,-3.309762463477695427e+00,-7.407666777477152076e-01,8.203379764473549274e-02
-7.409892798285037108e-01,2.991752619848958794e+00,2.070316148727678329e-01,-3.307549979959169661e+00,-7.403236039996666795e-01,8.194931660434302823e-02
-7.405085312692391009e-01,2.976259954657028750e+00,2.204351617137399189e-01,-3.305286926443984807e+00,-7.398495197967803749e-01,8.186012211557754104e-02
-7.399938237349634740e-01,2.960181462977242273e+00,2.343653038332255967e-01,-3.302954562734188748e+00,-7.393416194332028679e-01,8.176584586228856366e-02
-7.394422417139321357e-01,2.943525824006393510e+00,2.487935344019694406e-01,-3.300532304116710947e+00,-7.387969991351859278e-01,8.166611605036934451e-02
-7.388507740679061131e-01,2.926302559485950638e+00,2.636886245126676687e-01,-3.297997681254950297e+00,-7.382126597391919232e-01,8.156055946662622846e-02
-7.382163165270619887e-01,2.908522045448890925e+00,2.790165872361157762e-01,-3.295326319805188309e+00,-7.375855091547897091e-01,8.144880355522844673e-02
-7.375356738414661217e-01,2.890195515213568545e+00,2.947406717735556181e-01,-3.292491941352537310e+00,-7.369123644834411069e-01,8.133047846162415329e-02
-7.368055614487288851e-01,2.871335053470637000e+00,3.108213890251691480e-01,-3.289466386743303161e+00,-7.361899536531982813e-01,8.120521898825119878e-02
-7.360226065105675008e-01,2.851953581643847269e+00,3.272165689700887725e-01,-3.286219662295081445e+00,-7.354149164224632607e-01,8.107266640246570122e-02
-7.351833481690943639e-01,2.832064835060392749e+00,3.438814492551334201e-01,-3.282720008720285687e+00,-7.345838046040430447e-01,8.093247003522113792e-02
-7.342842368771373973e-01,2.811683332821552916e+00,3.607687933712380723e-01,-3.278933991937212689e+00,-7.336930813641926452e-01,8.078428860940892187e-02
-7.333216326658066331e-01,2.790824341597861746e+00,3.778290358176951136e-01,-3.274826614303016914e+00,-7.327391194601925450e-01,8.062779123952716620e-02
-7.322918022264047755e-01,2.769503834863029645e+00,3.950104507751758254e-01,-3.270361444223367275e+00,-7.317181982938197882e-01,8.046265804942515087e-02
-7.311909147017435773e-01,2.747738449307404629e+00,4.122593400845652178e-01,-3.265500761609281710e+00,-7.306264996759394004e-01,8.028858036205824278e-02
-7.300150361026462864e-01,2.725545440318787982e+00,4.295202358052390146e-01,-3.260205716291229461e+00,-7.294601022180619010e-01,8.010526042411533765e-02
-7.287601222872412965e-01,2.702942638475254178e+00,4.467361123342262208e-01,-3.254436496283235059e+00,-7.282149742884248544e-01,7.991241063856703575e-02
-7.274220104617182825e-01,2.679948408956991379e+00,4.638486030199436838e-01,-3.248152502723367530e+00,-7.268869654911195299e-01,7.970975228907879739e-02
-7.259964091795834129e-01,2.656581615654439954e+00,4.807982163957322252e-01,-3.241312528397928272e+00,-7.254717966450495714e-01,7.949701375128022385e-02
-7.244788868302265428e-01,2.632861591536677537e+00,4.975245475669768380e-01,-3.233874936970118519e+00,-7.239650482532078435e-01,7.927392819656102485e-02
-7.228648586150708821e-01,2.608808116560606294e+00,5.139664808747015368e-01,-3.225797840356328550e+00,-7.223621474601592540e-01,7.904023080395145007e-02
-7.211495720092265804e-01,2.584441404065000558e+00,5.300623806818769435e-01,-3.217039272094484037e+00,-7.206583534952413217e-01,7.879565550443969058e-02
-7.193280906971821764e-01,2.559782096222432024e+00,5.457502679350657582e-01,-3.207557354996199983e+00,-7.188487415896134269e-01,7.853993128962828696e-02
-7.173952769516699357e-01,2.534851268734926499e+00,5.609679809923228122e-01,-3.197310461835017215e+00,-7.169281853359268375e-01,7.827277812293008397e-02
-7.153457723946482494e-01,2.509670444572664749e+00,5.756533200317551779e-01,-3.186257368266933288e+00,-7.148913374292716894e-01,7.799390249668106123e-02
-7.131739770376958054e-01,2.484261616183023769e+00,5.897441751248743147e-01,-3.174357397582076246e+00,-7.127326086865153343e-01,7.770299268284129590e-02
-7.108740264453509150e-01,2.458647275250188446e+00,6.031786387457614973e-01,-3.161570557229524070e+00,-7.104461451875293543e-01,7.739971372868126309e-02
-7.084397667983195479e-01,2.432850448770165208e+00,6.158951040727598247e-01,-3.147857667329816866e+00,-7.080258033153665753e-01,7.708370225236368944e-02
-7.058647275530887111e-01,2.406894739925430127e+00,6.278323509161395366e-01,-3.133180481587589661e+00,-7.054651223922588921e-01,7.675456109699119178e-02
-7.031420912991060979e-01,2.380804371997688129e+00,6.389296214747446356e-01,-3.117501801142310569e+00,-7.027572945131590476e-01,7.641185390582912185e-02
-7.002646603027780081e-01,2.354604233343838171e+00,6.491266883969540880e-01,-3.100785581956241543e+00,-6.998951310668805048e-01,7.605509968631164741e-02
-6.972248190971240822e-01,2.328319921274892401e+00,6.583639178127683733e-01,-3.082997036347890685e+00,-6.968710253047374348e-01,7.568376743630522707e-02
-6.940144923246055475e-01,2.301977782514707194e+00,6.665823301357579611e-01,-3.064102729252306201e+00,-6.936769101655307912e-01,7.529727091306102904e-02
-6.906250968655079925e-01,2.275604947768552933e+00,6.737236615308427323e-01,-3.044070669745263746e+00,-6.903042103908567650e-01,7.489496363337232177e-02
-6.870474870818878976e-01,2.249229357793947948e+00,6.797304290338823662e-01,-3.022870398327348163e+00,-6.867437877626071385e-01,7.447613420260992823e-02
-6.832718917735245423e-01,2.222879778230598902e+00,6.845460024213769756e-01,-3.000473070448495871e+00,-6.829858780612003688e-01,7.404000208040130426e-02
-6.792878411730187693e-01,2.196585800305102865e+00,6.881146860946497634e-01,-2.976851536787517016e+00,-6.790200180739943692e-01,7.358571390153731406e-02
-6.750840819970702622e-01,2.170377824371063635e+00,6.903818144962639014e-01,-2.951980420909727343e+00,-6.748349606733780037e-01,7.311234048196416091e-02
-6.706484782144632728e-01,2.144287023067202202e+00,6.912938649532399671e-01,-2.925836195136015672e+00,-6.704185756276269670e-01,7.261887465113148199e-02
-6.659678947825136142e-01,2.118345280664349684e+00,6.907985923811373885e-01,-2.898397255797214189e+00,-6.657577333988230484e-01,7.210423006317330519e-02
-6.610280611368806181e-01,2.092585104914535421e+00,6.888451910281290225e-01,-2.869643999549269076e+00,-6.608381687151488881e-01,7.156724115002201236e-02
-6.558134106898465543e-01,2.067039507397415932e+00,6.853844894354540473e-01,-2.839558903120211752e+00,-6.556443201747669258e-01,7.100666438918554202e-02
-6.503068919969962058e-01,2.041741847964967160e+00,6.803691860897762567e-01,-2.808126609783476724e+00,-6.501591415427915299e-01,7.042118106706581060e-02
-6.444897465945282899e-01,2.016725638397600662e+00,6.737541348945836894e-01,-2.775334027038133033e+00,-6.443638797443542732e-01,6.980940172470032068e-02
-6.383412478022145731e-01,1.992024299787821029e+00,6.654966916385752773e-01,-2.741170441456909135e+00,-6.382378138483453256e-01,6.916987247565317687e-02
-6.318383940618874650e-01,1.967670867450526329e+00,6.555571351228324239e-01,-2.705627658461771112e+00,-6.317579486095727948e-01,6.850108338377347561e-02
-6.249555497026676454e-01,1.943697636323970412e+00,6.438991795304656041e-01,-2.668700176911952493e+00,-6.248986554560024276e-01,6.780147907877061286e-02
-6.176640255127467949e-01,1.920135738899089617e+00,6.304905979314826547e-01,-2.630385410816931113e+00,-6.176312532929550958e-01,6.706947176504644836e-02
-6.099315913694999258e-01,1.897014646769668023e+00,6.153039803608081337e-01,-2.590683973136890916e+00,-6.099235213633408259e-01,6.630345673559141784e-02
-6.017219138097147368e-01,1.874361586082026188e+00,5.983176533667081687e-01,-2.549600039330268242e+00,-6.017391370262960004e-01,6.550183042422864921e-02
-5.929939134449078164e-01,1.852200856760201297e+00,5.795167906969435068e-01,-2.507141810719886177e+00,-5.930370333302403818e-01,6.466301089407194835e-02
-5.837010416000671942e-01,1.830553045877789442e+00,5.588947458177584426e-01,-2.463322099294213530e+00,-5.837706757161752469e-01,6.378546043359958895e-02
-5.737904842073227041e-01,1.809434127750880750e+00,5.364546344952733081e-01,-2.418159055270734381e+00,-5.738872658209086541e-01,6.286770956299772561e-02
-5.632023165984398894e-01,1.788854448536989494e+00,5.122111869086899416e-01,-2.371677055078809548e+00,-5.633268959349660987e-01,6.190838116869269020e-02
-5.518686597802288096e-01,1.768817603354173373e+00,4.861928693895568587e-01,-2.323907757994289280e+00,-5.520217045719008064e-01,6.090621258334026622e-02
-5.397129337053718778e-01,1.749319232177089400e+00,4.584442394942476184e-01,-2.274891320977644238e+00,-5.398951284817469221e-01,5.986007208884727704e-02
-5.266493756661480008e-01,1.730345791254097376e+00,4.290284357374549162e-01,-2.224677728449256264e+00,-5.268614189872179443e-01,5.876896441631323381e-02
-5.125831053187004382e-01,1.711873405038868645e+00,3.980296033224527963e-01,-2.173328140510057516e+00,-5.128257038160449754e-01,5.763201728524589007e-02
-4.974111871807609386e-01,1.693866975822151399e+00,3.655549066829150706e-01,-2.120916082573526484e+00,-4.976850448453497000e-01,5.644843800897863390e-02
-4.810253783987669118e-01,1.676279828939031491e+00,3.317355691346255964e-01,-2.067528186497300968e+00,-4.813311790545515834e-01,5.521742634216524059e-02
-4.633175468674321507e-01,1.659054297713478121e+00,2.967261152435003990e-01,-2.013264051138297983e+00,-4.636559272828915668e-01,5.393802873343016280e-02
-4.441890424226160317e-01,1.642123781617436995e+00,2.607007182129806311e-01,-1.958234642491383459e+00,-4.445605532492681311e-01,5.260892341884217116e-02
-4.235654290790412113e-01,1.625416880180071910e+00,2.238453997440726928e-01,-1.902558565751002462e+00,-4.239704811871047863e-01,5.122814122299489820e-02
-4.014175769566710184e-01,1.608864083837924008e+00,1.863450535769647365e-01,-1.846355647153693491e+00,-4.018563724506754031e-01,4.979276120994612781e-02
-3.777885942614692127e-01,1.592406987404904051e+00,1.483652732342660152e-01,-1.789737770459930877e+00,-3.782610453517232796e-01,4.829867842603319944e-02
-3.528228884614966754e-01,1.576008882289986701e+00,1.100311626155134337e-01,-1.732798029121292993e+00,-3.533285339319249818e-01,4.674061334648566685e-02
-3.267889676864595971e-01,1.559663936907745629e+00,7.140860065583568006e-02,-1.675600940517218529e+00,-3.273269049349494808e-01,4.511257750875849459e-02
-3.000835456650448041e-01,1.543400706297653135e+00,3.249643176254461002e-02,-1.618178033662953208e+00,-3.006524024166755682e-01,4.340894859319177623e-02
-2.732054761420594224e-01,1.527275912101690336e+00,-6.762179400532038198e-03,-1.560533080148682084e+00,-2.738034437573894087e-01,4.162607382465651623e-02
-2.466977763962251435e-01,1.511357606806499332e+00,-4.644712207531317277e-02,-1.502658201371467994e+00,-2.473227118477206721e-01,3.976396946355235246e-02
-2.210718371676177463e-01,1.495702149815036242e+00,-8.661590253065434841e-02,-1.444556709913695336e+00,-2.217214171297795799e-01,3.782745757494273414e-02
-1.967390831361701120e-01,1.480333311529576923e+00,-1.272618866754170741e-01,-1.386264318902422410e+00,-1.974109742294685443e-01,3.582623494146618126e-02
-1.739720052146105922e-01,1.465230941906810580e+00,-1.682913631653049358e-01,-1.327860853662737206e+00,-1.746640115751078304e-01,3.377386147678360095e-02
-1.529009819704010009e-01,1.450331618846468107e+00,-2.095247132091199171e-01,-1.269469555845331277e+00,-1.536111452993213222e-01,3.168612269708146606e-02
-1.335378910969083066e-01,1.435538486593133767e+00,-2.507163768319218833e-01,-1.211246581575677439e+00,-1.342645382855361114e-01,2.957935086767210855e-02
-1.158113505191636916e-01,1.420735203132722280e+00,-2.915833866908910665e-01,-1.153365971758727682e+00,-1.165530986418552573e-01,2.746910524588412617e-02
-9.960110396514736120e-02,1.405799574422963882e+00,-3.318333524786341027e-01,-1.096004899715594894e+00,-1.003568379698557000e-01,2.536934129590829451e-02
-8.476508598281808082e-02,1.390614374970811973e+00,-3.711866235466702024e-01,-1.039332029350421793e+00,-8.553392310126997633e-02,2.329201319923678015e-02
-7.115772912020965069e-02,1.375074607130235327e+00,-4.093909852403982974e-01,-9.834998969937140956e-01,-7.193897986349964691e-02,2.124698476392740398e-02
-5.864077060402778097e-02,1.359091510369466960e+00,-4.462294988555582376e-01,-9.286410061246980208e-01,-5.943390200413838087e-02,1.924212780005827780e-02
-4.708865044936956512e-02,1.342594066052201773e+00,-4.815230573440935635e-01,-8.748667836428780653e-01,-4.789325410303333502e-02,1.728351758502902347e-02
-3.639044685900965498e-02,1.325528795811061977e+00,-5.151293733691343357e-01,-8.222684523474877993e-01,-3.720621243733159000e-02,1.537566658237198534e-02
-2.644981340504751546e-02,1.307858528803170550e+00,-5.469398684237063435e-01,-7.709190028519007365e-01,-2.727650731632055500e-02,1.352176161237227114e-02
-1.718389355873115726e-02,1.289560639930659613e+00,-5.768755598392693029e-01,-7.208756523977916109e-01,-1.802134205065160713e-02,1.172388576736266286e-02
-8.521807356243011819e-03,1.270625098273375331e+00,-6.048826838316870846e-01,-6.721823795039220117e-01,-9.369883255526302232e-03,9.983216421019762074e-03
-4.030450533434887933e-04,1.251052535125107834e+00,-6.309285023651888258e-01,-6.248722886283872846e-01,-1.261657399646934699e-03,8.300196652514720344e-03
7.224060379483059589e-03,1.230852447410926809e+00,-6.549975306518547313e-01,-5.789696799080342737e-01,6.354974435160106946e-03,6.674680744881158166e-03
1.440370574918489743e-02,1.210041589902177916e+00,-6.770882814828171892e-01,-5.344917796970279911e-01,1.352418729012781068e-02,5.106056103171339837e-03
2.117381168708454969e-02,1.188642571128140091e+00,-6.972105364657064097e-01,-4.914501367077135363e-01,2.028388501963354629e-02,3.593344617416285684e-03
2.756704177366927494e-02,1.166682646110377641e+00,-7.153831067069921223e-01,-4.498517151266911984e-01,2.666671836725569705e-02,2.135286589705521522e-03
3.361166250247849679e-02,1.144192688261353119e+00,-7.316320233208547519e-01,-4.096997278112654017e-01,3.270094411661907813e-02,7.304101255807154448e-04
3.933226410432504733e-02,1.121206318758099618e+00,-7.459890915322794358e-01,-3.709942553402451604e-01,3.841114528207687645e-02,-6.229114722694779459e-04
4.475036246079672209e-02,1.097759171519161248e+00,-7.584907442867133698e-01,-3.337326943000236690e-01,4.381883252525371752e-02,-1.926412173301242240e-03
4.988490068841880398e-02,1.073888273697989115e+00,-7.691771377891429839e-01,-2.979100733244975374e-01,4.894294534634269223e-02,-3.181893804113245915e-03
5.475266664869969657e-02,1.049631524207890632e+00,-7.780914395946278983e-01,-2.635192696513782296e-01,5.380026928091683619e-02,-4.391193345341303997e-03
5.936864022889112164e-02,1.025027255552300787e+00,-7.852792682360211218e-01,-2.305511531991883412e-01,5.840578292871637794e-02,-5.556155825616280325e-03
6.374628201632451252e-02,1.000113866803031604e+00,-7.907882511128642156e-01,-1.989946798655275739e-01,6.277294642348819897e-02,-6.678611931794285056e-03
6.789777305719527090e-02,9.749295177932180145e-01,-7.946676741323834836e-01,-1.688369510936638118e-01,6.691394102439691960e-02,-7.760359638646098339e-03
7.183421376396892377e-02,9.495118764266908817e-01,-7.969682022969365454e-01,-1.400632527990266774e-01,7.083986788538948476e-02,-8.803149302315812705e-03
7.556578868980397268e-02,9.238979124670688714e-01,-7.977416551144078660e-01,-1.126570834605050558e-01,7.456091271502048035e-02,-9.808671767937860581e-03
7.910190278420030363e-02,8.981237323022289720e-01,-7.970408244740567749e-01,-8.660017849902558462e-02,7.808648193647207969e-02,-1.077854912028561839e-02
8.245129383973408277e-02,8.722244500376167275e-01,-7.949193256073494585e-01,-6.187253591135158381e-02,8.142531505420042004e-02,-1.171432776381810086e-02
8.562212509687786022e-02,8.462340909100037889e-01,-7.914314740686370087e-01,-3.845244642445306421e-02,8.458557719155135324e-02,-1.261747356056032790e-02
8.862206135983016764e-02,8.201855234817191365e-01,-7.866321834408910307e-01,-1.631653011534312664e-02,8.757493515018487107e-02,-1.348936878539994631e-02
9.145833146436602168e-02,7.941104174168150953e-01,-7.805768797990306762e-01,4.560219558686871844e-03,9.040061983065694751e-02,-1.433131068211056583e-02
9.413777950794882665e-02,7.680392238900537460e-01,-7.733214299341089060e-01,2.420438410727105555e-02,9.306947742304988447e-02,-1.514451142233760525e-02
9.666690688647937291e-02,7.420011758645836952e-01,-7.649220810277176374e-01,4.264406103069214027e-02,9.558801141091158304e-02,-1.593009928576713877e-02
9.905190686873469041e-02,7.160243056157403752e-01,-7.554354099266730183e-01,5.990879814798047431e-02,9.796241711861849999e-02,-1.668912089398550541e-02
1.012986931694184051e-01,6.901354769920277077e-01,-7.449182804519179912e-01,7.602952203708512879e-02,1.001986102622823421e-01,-1.742254434388075882e-02
1.034129237477222074e-01,6.643604300010742536e-01,-7.334278073225022343e-01,9.103846145470707862e-02,1.023022507304060108e-01,-1.813126309921845106e-02
1.054000208549622231e-01,6.387238353958344383e-01,-7.210213253184747373e-01,1.049690665686515700e-01,1.042787626172461679e-01,-1.881610051135657047e-02
1.072651881779647376e-01,6.132493570196954069e-01,-7.077563622732855331e-01,1.178559247285855260e-01,1.061333513550231228e-01,-1.947781485188052400e-02
1.090134257710194954e-01,5.879597197519881302e-01,-6.936906144007219943e-01,1.297346733419567910e-01,1.078710186373258856e-01,-2.011710475106214674e-02
1.106495433355600827e-01,5.628767809802788236e-01,-6.788819223446788120e-01,1.406419102288402889e-01,1.094965756924571876e-01,-2.073461494625112450e-02
1.121781722908371942e-01,5.380216036149706449e-01,-6.633882462116180712e-01,1.506151016195529935e-01,1.110146553496203919e-01,-2.133094225336245459e-02
1.136037769785932933e-01,5.134145287574573002e-01,-6.472676377238215650e-01,1.596924877479116156e-01,1.124297232406396008e-01,-2.190664168233110581e-02
1.149306652582396115e-01,4.890752462379819310e-01,-6.305782075343298043e-01,1.679129857960414141e-01,1.137460883934399286e-01,-2.246223262362512935e-02
1.161629986746126886e-01,4.650228613565914881e-01,-6.133780856892772082e-01,1.753160897779559302e-01,1.149679133991325236e-01,-2.299820503757998846e-02
1.173048023165997183e-01,4.412759562937433322e-01,-5.957253732271601265e-01,1.819417668221192108e-01,1.160992242707983985e-01,-2.351502558147222643e-02
1.183599744305435381e-01,4.178526448101189672e-01,-5.776780829834539110e-01,1.878303492401279529e-01,1.171439200577231304e-01,-2.401314361102432904e-02
1.193322958063800371e-01,3.947706190319238972e-01,-5.592940678371977059e-01,1.930224217601305969e-01,1.181057822329090873e-01,-2.449299699366598929e-02
1.202254389161694359e-01,3.720471873218005321e-01,-5.406309349050627544e-01,1.975587033679446214e-01,1.189884838334313855e-01,-2.495501767071416077e-02
1.210429767535386725e-01,3.496993024687887752e-01,-5.217459445650832750e-01,2.014799233412117863e-01,1.197955983020868864e-01,-2.539963690511457331e-02
1.217883912982453409e-01,3.277435796941573498e-01,-5.026958936778537224e-01,2.048266912834394438e-01,1.205306079545031550e-01,-2.582729015102467468e-02
1.224650815124659342e-01,3.061963042616572817e-01,-4.835369829614045711e-01,2.076393612615365092e-01,1.211969119782874832e-01,-2.623842148187433346e-02
1.230763707644771388e-01,2.850734287961682600e-01,-4.643246691523333358e-01,2.099578905128628159e-01,1.217978338598789956e-01,-2.663348751518680030e-02
1.236255135711522568e-01,2.643905607459027807e-01,-4.451135033259134288e-01,2.118216936001440509e-01,1.223366281305328235e-01,-2.701296077591155975e-02
1.241157015531003521e-01,2.441629407590688583e-01,-4.259569575183983492e-01,2.132694933331086562e-01,1.228164863252794725e-01,-2.737733244575419472e-02
1.245500685051614959e-01,2.244054130719494444e-01,-4.069072425540625204e-01,2.143391702173658431e-01,1.232405420575921201e-01,-2.772711445428190091e-02
1.249316944999462747e-01,2.051323893053113578e-01,-3.880151206803724717e-01,2.150676126030842406e-01,1.236118751274688371e-01,-2.806284087853637768e-02
1.252636089624962201e-01,1.863578073224697595e-01,-3.693297172074377355e-01,2.154905700561194626e-01,1.239335146010206862e-01,-2.838506863136489380e-02
1.255487926789569664e-01,1.680950869983137974e-01,-3.508983357849609908e-01,2.156425127312747991e-01,1.242084408244636395e-01,-2.869437743430123741e-02
1.257901787301045349e-01,1.503570848695280349e-01,-3.327662821905330581e-01,2.155564996645774889e-01,1.244395863633494526e-01,-2.899136908796440953e-02
1.259906523701013192e-01,1.331560496715016584e-01,-3.149767015180685581e-01,2.152640588993464388e-01,1.246298358873941109e-01,-2.927666607076283636e-02
1.261530499002825323e-01,1.165035807118137146e-01,-2.975704334306054633e-01,2.147950822097592916e-01,1.247820250506724155e-01,-2.955090951422296303e-02
1.262801566153541888e-01,1.004105908848965806e-01,-2.805858896815762726e-01,2.141777368873473419e-01,1.248989384445137046e-01,-2.981475661947702652e-02
1.263747039235061098e-01,8.488727590531053302e-02,-2.640589574353263136e-01,2.134383966238792840e-01,1.249833067245439411e-01,-3.006887759336238780e-02
1.264393657612499500e-01,6.994309104191905047e-02,-2.480229310702176115e-01,2.126015929827758943e-01,1.250378030326155521e-01,-3.031395219336243535e-02
1.264767544373000263e-01,5.558673629093510704e-02,-2.325084741784589626e-01,2.116899883334514010e-01,1.250650388478669051e-01,-3.055066597763898828e-02
1.264894160469938467e-01,4.182615055420958738e-02,-2.175436124463968890e-01,2.107243704671108442e-01,1.250675594083292541e-01,-3.077970635933285556e-02
1.264798255995543130e-01,2.866851501315640510e-02,-2.031537570702617868e-01,2.097236684584977973e-01,1.250478388453037382e-01,-3.100175856311413597e-02
1.264503819953350927e-01,1.612026553013799421e-02,-1.893617573946297095e-01,2.087049887237133472e-01,1.250082751675748727e-01,-3.121750157691539906e-02
1.264034029798633829e-01,4.187113586777318694e-03,-1.761879806048139707e-01,2.076836696819296391e-01,1.249511852222060515e-01,-3.142760418340233286e-02
1.263411201870780765e-01,-7.125925003039405500e-03,-1.636504155983116715e-01,2.066733529831546734e-01,1.248787997442569464e-01,-3.163272114474043051e-02
1.262656743668935933e-01,-1.781449457945304821e-02,-1.517647976280892541e-01,2.056860689305070322e-01,1.247932585905057457e-01,-3.183348960142534656e-02
1.261791108733730515e-01,-2.787485844399253260e-02,-1.405447499609054074e-01,2.047323335096056518e-01,1.246966062334262104e-01,-3.203052573221012306e-02
1.260833754705673881e-01,-3.730385319451646337e-02,-1.300019386224852691e-01,2.038212543368358998e-01,1.245907875724552305e-01,-3.222442170829123431e-02
1.259803104945102226e-01,-4.609883982087597393e-02,-1.201462362924581029e-01,2.029606428423807729e-01,1.244776441010326251e-01,-3.241574296161255087e-02
1.258716513927777281e-01,-5.425765277091473826e-02,-1.109858915417310105e-01,2.021571300977049457e-01,1.243589104508269483e-01,-3.260502577497600279e-02
1.257590236480209678e-01,-6.177854813251693750e-02,-1.025276998447436361e-01,2.014162838621907370e-01,1.242362113195691758e-01,-3.279277519101536642e-02
1.256439400793085415e-01,-6.866015198363281669e-02,-9.477717311843115999e-02,2.007427246402000431e-01,1.241110587763564060e-01,-3.297946322824279325e-02
1.255277985051272416e-01,-7.490140984885734765e-02,-8.773870490915307296e-02,2.001402387888205625e-01,1.239848499283041083e-01,-3.316552738541760775e-02
1.254118797444451205e-01,-8.050153807760707103e-02,-8.141572874155633688e-02,1.996118869805559026e-01,1.238588649249879048e-01,-3.335136941039525821e-02
1.252973459271839729e-01,-8.545997783325505470e-02,-7.581086753663696109e-02,1.991601065894474387e-01,1.237342652720622993e-01,-3.353735430627807768e-02
1.251852390825246852e-01,-8.977635226115217304e-02,-7.092607238216037946e-02,1.987868068218146544e-01,1.236120924225217049e-01,-3.372380954593397206e-02
1.250764799723784182e-01,-9.345042729102108481e-02,-6.676274928395015129e-02,1.984934556453420706e-01,1.234932666129794770e-01,-3.391102446556121947e-02
1.249718671377815227e-01,-9.648207642890938018e-02,-6.332187283277501688e-02,1.982811577769615641e-01,1.233785859127647933e-01,-3.409924980873204475e-02
1.248720761276057578e-01,-9.887124980747240277e-02,-6.060408598412102277e-02,1.981507231678625303e-01,1.232687254552686518e-01,-3.428869739402341105e-02
1.247776588815352750e-01,-1.006179476913794946e-01,-5.860978536588973276e-02,1.981027255722145330e-01,1.231642368235277007e-01,-3.447953988173652756e-02
1.246890432425061535e-01,-1.017221985767064879e-01,-5.733919170358961481e-02,1.981375509058078688e-01,1.230655475652750325e-01,-3.467191061813872793e-02
1.246065325775318616e-01,-1.021840419781744752e-01,-5.679240508752427669e-02,1.982554351941739068e-01,1.229729608164104870e-01,-3.486590353898319505e-02
1.245303054898913575e-01,-1.020035159643753048e-01,-5.696944490696751601e-02,1.984564919802130623e-01,1.228866550158914939e-01,-3.506157311765405182e-02
1.244604156099176212e-01,-1.011806494766801789e-01,-5.787027434852184266e-02,1.987407291130011688e-01,1.228066836993012417e-01,-3.525893434705411333e-02
1.243967914560082655e-01,-9.971545945011346668e-02,-5.949480940663009337e-02,1.991080548767964198e-01,1.227329753627291464e-01,-3.545796274823196509e-02
1.243392363619290064e-01,-9.760795274169949132e-02,-6.184291239080086378e-02,1.995582734471398334e-01,1.226653333930413925e-01,-3.565859440268401986e-02
1.242874284709543781e-01,-9.485813286118688348e-02,-6.491436994399332749e-02,2.000910696843024306e-01,1.226034360650866267e-01,-3.586072600922868975e-02
1.242409208018579736e-01,-9.146601148812280591e-02,-6.870885561734911551e-02,2.007059832982134306e-01,1.225468366108425633e-01,-3.606421497030349449e-02
1.241991413961952562e-01,-8.743162474549265317e-02,-7.322587708560983344e-02,2.014023724484320654e-01,1.224949633699329299e-01,-3.626887951645116348e-02
1.241613935606767499e-01,-8.275505418110519484e-02,-7.846470814255473991e-02,2.021793668826462054e-01,1.224471200352909850e-01,-3.647449888160102238e-02
1.241268562226498368e-01,-7.743645238122164043e-02,-8.442430569382777805e-02,2.030358107723691519e-01,1.224024860119583419e-01,-3.668081354546782330e-02
1.240945844207105297e-01,-7.147607310438366945e-02,-9.110321207236930785e-02,2.039701954794507499e-01,1.223601169110025699e-01,-3.688752556291416407e-02
1.240635099561348820e-01,-6.487430577501566986e-02,-9.849944314541886348e-02,2.049805825857461961e-01,1.223189452041968106e-01,-3.709429900336304320e-02
1.240324422339958710e-01,-5.763171411455195875e-02,-1.066103628667783021e-01,2.060645176441321114e-01,1.222777810682722371e-01,-3.730076052618554877e-02
1.240000693253153208e-01,-4.974907861148869515e-02,-1.154325451572999900e-01,2.072189352643717952e-01,1.222353134500294564e-01,-3.750650012027579444e-02
1.239649592831463393e-01,-4.122744244052588269e-02,-1.249616242719264886e-01,2.084400563331029188e-01,1.221901113851332349e-01,-3.771107203758219950e-02
1.239255617458053099e-01,-3.206816033544226258e-02,-1.351921351318902120e-01,2.097232783826705471e-01,1.221406256037310123e-01,-3.791399595098480374e-02
1.238802098592565182e-01,-2.227294980232939758e-02,-1.461173454613140521e-01,2.110630603656472870e-01,1.220851904548143491e-01,-3.811475836636660924e-02
1.238271225475677390e-01,-1.184394393253000895e-02,-1.577290819597733096e-01,2.124528033549958339e-01,1.220220261781531784e-01,-3.831281431678858901e-02
1.237644071550798724e-01,-7.837449429467097106e-04,-1.700175531530357942e-01,2.138847289652237582e-01,1.219492415473559521e-01,-3.850758936311781538e-02
1.236900624761909789e-01,1.090452255807036405e-02,-1.829711719747984244e-01,2.153497575655812235e-01,1.218648368998671710e-01,-3.869848192008246840e-02
1.236019821782491784e-01,2.321715969992658307e-02,-1.965763815193424802e-01,2.168373886171354736e-01,1.217667075593117654e-01,-3.888486591940107373e-02
1.234979586099121535e-01,3.614984409314835057e-02,-2.108174877406628900e-01,2.183355856932963912e-01,1.216526476424676512e-01,-3.906609381231106182e-02
1.233756869715706556e-01,4.969758447290508613e-02,-2.256765031264421073e-01,2.198306689177940421e-01,1.215203542273993187e-01,-3.924149990257829596e-02
1.232327698063751809e-01,6.385468055270190901e-02,-2.411330055123956928e-01,2.213072176540316627e-01,1.213674318412431841e-01,-3.941040398812812456e-02
1.230667217506213607e-01,7.861468936848586830e-02,-2.571640161923098855e-01,2.227479862847370484e-01,1.211913972063722589e-01,-3.957211527519208238e-02
1.228749744615788009e-01,9.397039930065279045e-02,-2.737439012941809136e-01,2.241338358133440067e-01,1.209896841630199033e-01,-3.972593651387912317e-02
1.226548816203725245e-01,1.099138127994941649e-01,-2.908443000138858370e-01,2.254436837861426846e-01,1.207596486659931467e-01,-3.987116828908840449e-02
1.224037238885324896e-01,1.264361386065272486e-01,-3.084340827169506083e-01,2.266544746719657277e-01,1.204985737341390944e-01,-4.000711338654344695e-02
1.221187136807198870e-01,1.435277939632627620e-01,-3.264793411430030878e-01,2.277411723484040196e-01,1.202036742151482290e-01,-4.013308114138371824e-02
1.217969996043311853e-01,1.611784169396032751e-01,-3.449434119997096815e-01,2.286767757452128624e-01,1.198721012164950112e-01,-4.024839166713597982e-02
1.214356704104565532e-01,1.793768886115815198e-01,-3.637869341535426293e-01,2.294323580123512063e-01,1.195009460471126161e-01,-4.035237985685143081e-02
1.210317583010371983e-01,1.981113643932641555e-01,-3.829679384689726462e-01,2.299771288473091146e-01,1.190872435147813518e-01,-4.044439904639844652e-02
1.205822414446322682e-01,2.173693134050691533e-01,-4.024419681824674688e-01,2.302785188765733293e-01,1.186279744317838419e-01,-4.052382423273823836e-02
1.200840455680663166e-01,2.371375643671112254e-01,-4.221622265957907238e-01,2.303022842854697827e-01,1.181200671962398113e-01,-4.059005474754357606e-02
1.195340445129224882e-01,2.574023561675989891e-01,-4.420797479064648705e-01,2.300126292747433632e-01,1.175603983382177836e-01,-4.064251629844987251e-02
1.189290596733629107e-01,2.781493909957261645e-01,-4.621435862257938232e-01,2.293723434313656995e-01,1.169457919472189217e-01,-4.068066230590506455e-02
1.182658582636097883e-01,2.993638877634229312e-01,-4.823010173158521208e-01,2.283429507660631186e-01,1.162730179294542143e-01,-4.070397448206660579e-02
1.175411503977744770e-01,3.210306334810402729e-01,-5.024977473360723312e-01,2.268848670092130926e-01,1.155387890776570364e-01,-4.071196261833302105e-02
1.167515849995619387e-01,3.431340303006953918e-01,-5.226781229349666269e-01,2.249575617740993405e-01,1.147397569709763254e-01,-4.070416356865548535e-02
1.158937445926904036e-01,3.656581360917324219e-01,-5.427853373382408586e-01,2.225197223818223824e-01,1.138725067557679049e-01,-4.068013943554693590e-02
1.149641390528040735e-01,3.885866966526362321e-01,-5.627616276364316716e-01,2.195294164725901942e-01,1.129335508879998756e-01,-4.063947498363464778e-02
1.139591984266759145e-01,4.119031679745626118e-01,-5.825484592133265416e-01,2.159442509711388403e-01,1.119193219429691077e-01,-4.058177432086851333e-02
1.128752649434387606e-01,4.355907273320849815e-01,-6.020866941215839985e-01,2.117215254912101496e-01,1.108261646169331205e-01,-4.050665689958081461e-02
1.117085843546953561e-01,4.596322723646747432e-01,-6.213167411418722974e-01,2.068183788149743907e-01,1.096503270573455091e-01,-4.041375289829132744e-02
1.104552967452714085e-01,4.840104077069765642e-01,-6.401786861969668285e-01,2.011919276294447667e-01,1.083879516632744316e-01,-4.030269805056628518e-02
1.091114269540230525e-01,5.087074191092384456e-01,-6.586124026805517673e-01,1.947993972094845816e-01,1.070350654952167552e-01,-4.017312798973379090e-02
1.076728747346252096e-01,5.337052353474681654e-01,-6.765576420605736718e-01,1.875982441789698640e-01,1.055875704240282348e-01,-4.002467217839250635e-02
1.061354047698646608e-01,5.589853785467137071e-01,-6.939541057997619111e-01,1.795462718388942946e-01,1.040412331322891071e-01,-3.985694749011371024e-02
1.044946366298261931e-01,5.845289038254574132e-01,-7.107415001845486247e-01,1.706017388124766998e-01,1.023916750582969937e-01,-3.966955150827332355e-02
1.027460347345421632e-01,6.103163294135744987e-01,-7.268595760625378155e-01,1.607234619187346836e-01,1.006343623430779599e-01,-3.946205560429828785e-02
1.008848983450215814e-01,6.363275586028880326e-01,-7.422481557617159886e-01,1.498709142497860469e-01,9.876459580417508433e-02,-3.923399785545073071e-02
9.890635156267285621e-02,6.625417950625503982e-01,-7.568471496127772147e-01,1.380043194004262341e-01,9.677750091610289040e-02,-3.898487586118790788e-02
9.680533326529854043e-02,6.889374531970589022e-01,-7.705965645351194881e-01,1.250847426918792471e-01,9.466801772555641370e-02,-3.871413951759086064e-02
9.457658684711391095e-02,7.154920653489157401e-01,-7.834365070960112032e-01,1.110741800578696759e-01,9.243089056878088516e-02,-3.842118381168134478e-02
9.221464955942521025e-02,7.421821877567441605e-01,-7.953071833310536576e-01,9.593564503445506375e-02,9.006065738774023111e-02,-3.810534170183931674e-02
8.971384116630067018e-02,7.689833072783389678e-01,-8.061488974423604015e-01,7.963325403016938142e-02,8.755163835947413209e-02,-3.776587715704959186e-02
8.706825153424253838e-02,7.958697509808672077e-01,-8.159020512881517417e-01,6.213230976500051100e-02,8.489792345776614457e-02,-3.740197843627530994e-02
8.427172666490638508e-02,8.228146007903004433e-01,-8.245071463621834740e-01,4.339938247075504629e-02,8.209335845634413431e-02,-3.701275169968461232e-02
8.131785255368861876e-02,8.497896154811355185e-01,-8.319047897513289769e-01,2.340238815693599511e-02,7.913152875667014974e-02,-3.659721505544640680e-02
7.819993611292533342e-02,8.767651623766571367e-01,-8.380357053723002103e-01,2.110662981443762326e-03,7.600574027935894095e-02,-3.615429315897120133e-02
7.491098223500387843e-02,9.037101612200817424e-01,-8.428407516421279055e-01,-2.050496745868344434e-02,7.270899649487619354e-02,-3.568281249534798610e-02
7.144366588645142957e-02,9.305920427686361629e-01,-8.462609466515582657e-01,-4.447212526593787019e-02,6.923397048497660633e-02,-3.518149748982984937e-02
6.779029791765202317e-02,9.573767247575024619e-01,-8.482375019089246626e-01,-6.981682524413522495e-02,6.557297071995943361e-02,-3.464896760507372997e-02
6.394278304283494696e-02,9.840286079817945897e-01,-8.487118658318870690e-01,-9.656342917693702677e-02,6.171789900682290303e-02,-3.408373559704251654e-02
5.989256818977647945e-02,1.010510595358230734e+00,-8.476257784197327450e-01,-1.247346106443473490e-01,5.766019880818480658e-02,-3.348420711378346376e-02
5.563057913628934731e-02,1.036784136963780689e+00,-8.449213389823393427e-01,-1.543513313210545523e-01,5.339079184942530781e-02,-3.284868183271165420e-02
5.114714303846075449e-02,1.062809304221526530e+00,-8.405410894871793159e-01,-1.854328291792456951e-01,4.890000061931509129e-02,-3.217535634293165747e-02
4.643189411034481101e-02,1.088544896636432835e+00,-8.344281170806239212e-01,-2.179966182470599589e-01,4.417745402401843796e-02,-3.146232899041926517e-02
4.147365933212266570e-02,1.113948584806456754e+00,-8.265261807291519602e-01,-2.520584984966957043e-01,3.921197307150862954e-02,-3.070760691712072846e-02
3.626032063864398358e-02,1.138977093888392522e+00,-8.167798688151611808e-01,-2.876325729869242398e-01,3.399143303813373374e-02,-2.990911554260376054e-02
3.077864956798067805e-02,1.163586432335528720e+00,-8.051347970395952292e-01,-3.247312674842268709e-01,2.850259809655447327e-02,-2.906471076219095326e-02
2.501410982763428020e-02,1.187732171610038412e+00,-7.915378592833989257e-01,-3.633653453416548773e-01,2.273092386202819545e-02,-2.817219417301315004e-02
1.895062266823747607e-02,1.211369783782399345e+00,-7.759375483398485152e-01,-4.035439073173598401e-01,1.666032274594742707e-02,-2.722933169480138554e-02
1.257028935911995611e-02,1.234455045545113094e+00,-7.582843688450386921e-01,-4.452743621469918978e-01,1.027288640982460324e-02,-2.623387603226937093e-02
5.853064483430202823e-03,1.256944519267846339e+00,-7.385313714977357336e-01,-4.885623489254494189e-01,3.548559036043384164e-03,-2.518359353824246166e-02
-1.223626687924863135e-03,1.278796124363298592e+00,-7.166348459252821490e-01,-5.334115866025438413e-01,-3.535245326821944735e-03,-2.407629618908116095e-02
-8.685333629410096901e-03,1.299969815418375640e+00,-6.925552193563814241e-01,-5.798236191135515138e-01,-1.100408823138417438e-02,-2.290987958318818629e-02
-1.656109515561003664e-02,1.320428387156564742e+00,-6.662582193903927585e-01,-6.277974169464537457e-01,-1.888702146709109533e-02,-2.168236812291978247e-02
-2.488402767050335029e-02,1.340138429996803326e+00,-6.377163709081716814e-01,-6.773287876615372571e-01,-2.721717535731580512e-02,-2.039196883629807583e-02
-3.369198722431328286e-02,1.359071463034972282e+00,-6.069109079858179268e-01,-7.284095398887248107e-01,-3.603242086982193226e-02,-1.903713562026519701e-02
-4.302829673963767809e-02,1.377205272318997809e+00,-5.738341885132017817e-01,-7.810263393420977529e-01,-4.537609689887593667e-02,-1.761664600105909001e-02
-5.294251320612965162e-02,1.394525478901090798e+00,-5.384926966812947358e-01,-8.351591944857192917e-01,-5.529777751111314421e-02,-1.612969273046934923e-02
-6.349117987090455162e-02,1.411027349346296367e+00,-5.009106976004481515e-01,-8.907795188118898810e-01,-6.585402416927806091e-02,-1.457599253095870177e-02
-7.473845688824574951e-02,1.426717834981071409e+00,-4.611345550592277354e-01,-9.478477442992104818e-01,-7.710901637520629903e-02,-1.295591384453726597e-02
-8.675643777667421674e-02,1.441617776326452605e+00,-4.192376177459461450e-01,-1.006310518070108184e+00,-8.913486804395107099e-02,-1.127062419515862703e-02
-9.962482129790914409e-02,1.455764124611075738e+00,-3.753253955755640470e-01,-1.066097616281862726e+00,-1.020112991667455893e-01,-9.522255283684987262e-03
-1.134294009466290803e-01,1.469211901739303494e+00,-3.295404604795838521e-01,-1.127118870647418669e+00,-1.158241248658370276e-01,-7.714079647219428647e-03
-1.282585504215638106e-01,1.482035439600451365e+00,-2.820661053501338777e-01,-1.189261629676203968e+00,-1.306617400890399405e-01,-5.850686119309994083e-03
-1.441965596232035740e-01,1.494328228605969366e+00,-2.331273215588647862e-01,-1.252389546923963870e+00,-1.466084543295943232e-01,-3.938132270715482587e-03
-1.613124546811751103e-01,1.506200535482472347e+00,-1.829872610675450373e-01,-1.316343720388096994e+00,-1.637333097008706329e-01,-1.984041302480686522e-03
-1.796431577085141618e-01,1.517773981684905404e+00,-1.319373692854259872e-01,-1.380947220559955557e+00,-1.820732379499601095e-01,2.398799237252578764e-06
-1.991710932263269507e-01,1.529172764931292505e+00,-8.028034620375631980e-02,-1.446013554330360718e+00,-2.016106634556551480e-01,2.010579115439471102e-03
-2.197992466383097421e-01,1.540512411745209365e+00,-2.830753932751917112e-02,-1.511358341968260355e+00,-2.222485581340446492e-01,4.028790123333883880e-03
-2.413310830457038869e-01,1.551888792087199098e+00,2.372385910120766717e-02,-1.576811510998664456e+00,-2.437903576965836094e-01,6.044717610236592827e-03
-2.634664746683540448e-01,1.563371724545866037e+00,7.560512279190824414e-02,-1.642225547370971706e+00,-2.659358891071705866e-01,8.046057925390958862e-03
-2.858234846273079999e-01,1.575007149108912818e+00,1.271736798367963384e-01,-1.707475546951492840e+00,-2.883031582013357852e-01,1.002114101740391935e-02
-3.079863181193788768e-01,1.586828367929808303e+00,1.782928653258540053e-01,-1.772450217996522248e+00,-3.104763082000432384e-01,1.195943202877248514e-02
-3.295657253821542287e-01,1.598871730472200214e+00,2.288226198086738272e-01,-1.837038165882194818e+00,-3.320660312908922385e-01,1.385182709487687951e-02
-3.502502735173669834e-01,1.611189340615964305e+00,2.785956995058623265e-01,-1.901116742141161442e+00,-3.527608473011046297e-01,1.569074446824693381e-02
-3.698324145317419265e-01,1.623853453082825915e+00,3.274099448227270615e-01,-1.964548773128449444e+00,-3.723531748583661649e-01,1.747007960330680676e-02
-3.882072562654302894e-01,1.636952277374425391e+00,3.750371562708304518e-01,-2.027187435361546441e+00,-3.907381017787530109e-01,1.918510348519942080e-02
-4.053531641864159263e-01,1.650580793724157891e+00,4.212413778943866483e-01,-2.088885603556399406e+00,-4.078939841317038573e-01,2.083235112276627526e-02
-4.213060406862716989e-01,1.664830900582845219e+00,4.657979809564255502e-01,-2.149505294439176595e+00,-4.238567222492760633e-01,2.240951106203925569e-02
-4.361356921846508139e-01,1.679783719531758202e+00,5.085079932443989925e-01,-2.208924425220367471e+00,-4.386961250177757177e-01,2.391531019067203237e-02
-4.499279219474644487e-01,1.695505000177288446e+00,5.492059581306354410e-01,-2.267040105036880249e+00,-4.524980007138592608e-01,2.534938903465490737e-02
-4.627726593973579550e-01,1.712043320072888841e+00,5.877621330161000301e-01,-2.323768983496862894e+00,-4.653522851066416721e-01,2.671216956203060003e-02
-4.747569446830366413e-01,1.729430280866756320e+00,6.240808023611195132e-01,-2.379045661339028062e+00,-4.773460253829046596e-01,2.800472219387708031e-02
-4.859612919337187309e-01,1.747681888934881966e+00,6.580964518022854870e-01,-2.432820123890643060e+00,-4.885597431097738474e-01,2.922863941089866649e-02
-4.964581849389807511e-01,1.766800495237371704e+00,6.897691159038543685e-01,-2.485054903253990144e+00,-4.990659298150578183e-01,3.038592141726570092e-02
-5.063118147957583748e-01,1.786776885787770386e+00,7.190797283901478876e-01,-2.535722400664739862e+00,-5.089287846230832191e-01,3.147887662656272817e-02
-5.155784818106792233e-01,1.807592290406950797e+00,7.460259173259105037e-01,-2.584802584612125198e+00,-5.182046161734807921e-01,3.251003742219128745e-02
-5.243073109771081430e-01,1.829220198431711131e+00,7.706184273287395303e-01,-2.632281137150682238e+00,-5.269425581101958578e-01,3.348209012566977921e-02
-5.325410795204837955e-01,1.851627943806875232e+00,7.928781963897806317e-01,-2.678148037937965853e+00,-5.351853966195774248e-01,3.439781734498557897e-02
-5.403170471131036878e-01,1.874778062172155035e+00,8.128340346706643960e-01,-2.722396534490941544e+00,-5.429704006139551842e-01,3.526005066506661401e-02
-5.476677337430574388e-01,1.898629441397362561e+00,8.305208189362661697e-01,-2.765022431965482586e+00,-5.503300995461268830e-01,3.607163176360646956e-02
-5.546216211334598079e-01,1.923138293461705617e+00,8.459781089906719398e-01,-2.806023634969244895e+00,-5.572929847544658699e-01,3.683538031644959659e-02
-5.612037704948399375e-01,1.948258975463918796e+00,8.592490986339357262e-01,-2.845399880189564357e+00,-5.638841271263843602e-01,3.755406738484957235e-02
-5.674363581575092574e-01,1.973944684429748575e+00,8.703798255315369214e-01,-2.883152607656470412e+00,-5.701257126322922808e-01,3.823039328787928431e-02
-5.733391348225509443e-01,2.000148046450021866e+00,8.794185777357568234e-01,-2.919284927949265640e+00,-5.760375014739173016e-01,3.886696922641219576e-02
-5.789298158681180917e-01,2.026821616576540919e+00,8.864154472865087842e-01,-2.953801651472159229e+00,-5.816372182884772535e-01,3.946630213055039166e-02
-5.842244105402918386e-01,2.053918302302078835e+00,8.914219924326882705e-01,-2.986709353622425400e+00,-5.869408812421339494e-01,4.003078235195961510e-02
-5.892374976076556470e-01,2.081391720519246924e+00,8.944909792925224146e-01,-3.018016456157667893e+00,-5.919630775953178548e-01,4.056267392383829801e-02
-5.939824545244658527e-01,2.109196495592068121e+00,8.956761812755057450e-01,-3.047733310407234608e+00,-5.967171927874348469e-01,4.106410717392412063e-02
-5.984716465144797048e-01,2.137288504508080056e+00,8.950322205215871518e-01,-3.075872272301448440e+00,-6.012155994548388227e-01,4.153707350990979569e-02
-6.027165813460022559e-01,2.165625073903319819e+00,8.926144402195430594e-01,-3.102447762659436226e+00,-6.054698121536848943e-01,4.198342221087239534e-02
-6.067280349572610199e-01,2.194165132960106401e+00,8.884788001842159888e-01,-3.127476308920337011e+00,-6.094906129471266976e-01,4.240485906039147268e-02
-6.105161525227613684e-01,2.222869325669936558e+00,8.826817907133269747e-01,-3.150976566643762578e+00,-6.132881524472623136e-01,4.280294665295403950e-02
-6.140905290270752825e-01,2.251700085647657446e+00,8.752803616877231629e-01,-3.172969320744175370e+00,-6.168720303775386826e-01,4.317910619950639933e-02
-6.174602729295644021e-01,2.280621676511190188e+00,8.663318652704798950e-01,-3.193477467643396572e+00,-6.202513592379941265e-01,4.353462065371350997e-02
-6.206340560581860011e-01,2.309600200751903198e+00,8.558940115172208873e-01,-3.212525980393906799e+00,-6.234348142101068246e-01,4.387063897953699665e-02
-6.236201524599598311e-01,2.338603579976806568e+00,8.440248368242379007e-01,-3.230141859399117799e+00,-6.264306720272860840e-01,4.418818138408469459e-02
-6.264264685581953929e-01,2.367601509379678948e+00,8.307826854834110542e-01,-3.246354071681771369e+00,-6.292468411595023570e-01,4.448814534751385080e-02
-6.290605666214398317e-01,2.396565389278646485e+00,8.162262047372533802e-01,-3.261193481766603064e+00,-6.318908853154286964e-01,4.477131229374216315e-02
-6.315296832360454138e-01,2.425468236535181621e+00,8.004143536733406838e-01,-3.274692777180391534e+00,-6.343700419524798129e-01,4.503835476113291630e-02
-6.338407441930847819e-01,2.454284578642698111e+00,7.834064260934192614e-01,-3.286886391358077475e+00,-6.366912372040871571e-01,4.528984395026021403e-02
-6.360003769506101801e-01,2.482990333244961434e+00,7.652620871583288853e-01,-3.297810426399736983e+00,-6.388610983839666524e-01,4.552625754531973434e-02
-6.380149216130054368e-01,2.511562675821440660e+00,7.460414231587375600e-01,-3.307502577668095967e+00,-6.408859650080590553e-01,4.574798772570891348e-02
-6.398904411788701729e-01,2.539979898265959157e+00,7.258050032025098464e-01,-3.316002061665346279e+00,-6.427718990846885694e-01,4.595534930377594141e-02
-6.416327316453355190e-01,2.568221261094215890e+00,7.046139509493776210e-01,-3.323349547994960851e+00,-6.445246952601154655e-01,4.614858794281279791e-02
-6.432473324172091056e-01,2.596266842051409895e+00,6.825300237702646156e-01,-3.329587095512223094e+00,-6.461498912673234729e-01,4.632788842520529915e-02
-6.447395373507205374e-01,2.624097383957369800e+00,6.596156958736716369e-01,-3.334758092010909891e+00,-6.476527790074059210e-01,4.649338295348949546e-02
-6.461144066604024294e-01,2.651694144723423463e+00,6.359342410435813164e-01,-3.338907196000783451e+00,-6.490384164918128196e-01,4.664515947621205444e-02
-6.473767798301821585e-01,2.679038752597724393e+00,6.115498097017029178e-01,-3.342080278324710108e+00,-6.503116407863813730e-01,4.678327003534524936e-02
-6.485312895925162691e-01,2.706113069832288609e+00,5.865274940851650243e-01,-3.344324360576538258e+00,-6.514770820209273561e-01,4.690773913205471130e-02
-6.495823769690602933e-01,2.732899068096316775e+00,5.609333744800303334e-01,-3.345687546552552405e+00,-6.525391784579230858e-01,4.701857210248596569e-02
-6.505343073001320642e-01,2.759378719058890095e+00,5.348345387516453275e-01,-3.346218942352835679e+00,-6.535021925476192095e-01,4.711576348474639381e-02
-6.513911871260210651e-01,2.785533903594081373e+00,5.082990669643152604e-01,-3.345968560308016926e+00,-6.543702278328148436e-01,4.719930534251672721e-02
-6.521569817199684982e-01,2.811346342980385327e+00,4.813959728000202221e-01,-3.344987201714672675e+00,-6.551472465032943671e-01,4.726919549022107897e-02
-6.528355330105722887e-01,2.836797555227939860e+00,4.541950938911021862e-01,-3.343326313496429059e+00,-6.558370873378991384e-01,4.732544554040143264e-02
-6.534305775720700149e-01,2.861868839226318073e+00,4.267669241912759870e-01,-3.341037814441009335e+00,-6.564434837129178302e-01,4.736808866745147173e-02
-6.539457643075020643e-01,2.886541288726057086e+00,3.991823832144381634e-01,-3.338173887653911986e+00,-6.569700813020249441e-01,4.739718695536365017e-02
-6.543846714065987280e-01,2.910795837228620453e+00,3.715125194155980970e-01,-3.334786737345035057e+00,-6.574204550498260469e-01,4.741283817341721690e-02
-6.547508221327553724e-01,2.934613333667972945e+00,3.438281481454714128e-01,-3.330928310008224091e+00,-6.577981249735657121e-01,4.741518180599518101e-02
-6.550476989873789124e-01,2.957974647361744758e+00,3.161994283606298639e-01,-3.326649982390085025e+00,-6.581065703414364920e-01,4.740440415430562104e-02
-6.552787558202962659e-01,2.980860799168319808e+00,2.886953863923815700e-01,-3.322002221232633001e+00,-6.583492417962960586e-01,4.738074233173696082e-02
-6.554474275052517562e-01,3.003253114222113052e+00,2.613833992488471814e-01,-3.317034222410430555e+00,-6.585295710438829886e-01,4.734448699311426950e-02
-6.555571368804941068e-01,3.025133390175139603e+00,2.343286537503697087e-01,-3.311793539514525264e+00,-6.586509778055502640e-01,4.729598367210995774e-02
-6.556112987632822797e-01,3.046484073703376261e+00,2.075936008525342547e-01,-3.306325713890040596e+00,-6.587168738443128779e-01,4.723563264959151908e-02
-6.556133209772492254e-01,3.067288437286551428e+00,1.812374263977605260e-01,-3.300673919356728714e+00,-6.587306640030772265e-01,4.716388733589426535e-02
-6.555666024729659425e-01,3.087530748051266372e+00,1.553155599559640498e-01,-3.294878635137270084e+00,-6.586957443352907671e-01,4.708125121719768102e-02
-6.554745287624424988e-01,3.107196420835926176e+00,1.298792422219758880e-01,-3.288977359789067467e+00,-6.586154975486281371e-01,4.698827348434135576e-02
-6.553404650147045540e-01,3.126272148579130938e+00,1.049751686778177817e-01,-3.283004377205546831e+00,-6.584932861087290368e-01,4.688554352499370997e-02
-6.551677472602641661e-01,3.144746004567551267e+00,8.064522314151513493e-02,-3.276990583170648730e+00,-6.583324434506948597e-01,4.677368451096849261e-02
-6.549596722185279107e-01,3.162607512861840942e+00,5.692630981343958091e-02,-3.270963377768345559e+00,-6.581362638123010589e-01,4.665334634691153254e-02
-6.547194862894865075e-01,3.179847685169165938e+00,3.385028699985777323e-02,-3.264946625487074705e+00,-6.579079912302169264e-01,4.652519826184083745e-02
-6.544503742396484691e-01,3.196459024358114132e+00,1.144400036842925170e-02,-3.258960681453330288e+00,-6.576508082291815382e-01,4.638992132076349278e-02
-6.541554480666937899e-01,3.212435496544111757e+00,-1.027059115490184041e-02,-3.253022479183439231e+00,-6.573678246886408560e-01,4.624820111170523801e-02
-6.538377364555757465e-01,3.227772475079561332e+00,-3.127620754515645501e-02,-3.247145672790220150e+00,-6.570620672996370093e-01,4.610072082763273793e-02
-6.535001751504084799e-01,3.242466660784498522e+00,-5.155997125016940213e-02,-3.241340824859981318e+00,-6.567364699363853475e-01,4.594815491763554888e-02
-6.531455984713272489e-01,3.256515983327800789e+00,-7.111307698671653910e-02,-3.235615630264937703e+00,-6.563938651718436157e-01,4.579116343235520303e-02
-6.527767321124045008e-01,3.269919488841545263e+00,-8.993042290268027372e-02,-3.229975165950085714e+00,-6.560369770734924000e-01,4.563038713958718351e-02
-6.523961872725444477e-01,3.282677218683140552e+00,-1.080102176284534754e-01,-3.224422157121614507e+00,-6.556684153313885322e-01,4.546644344093147411e-02
-6.520064561006104764e-01,3.294790083832961791e+00,-1.253535764054809765e-01,-3.218957251119209051e+00,-6.552906706998850028e-01,4.529992308188154904e-02
-6.516099083811146553e-01,3.306259738816802241e+00,-1.419641176750583711e-01,-3.213579291419125905e+00,-6.549061116794794302e-01,4.513138761720422720e-02
-6.512087893478978318e-01,3.317088458354601865e+00,-1.578475694672263341e-01,-3.208285585540159524e+00,-6.545169823263400355e-01,4.496136757122410482e-02
-6.508052184891601755e-01,3.327279019228636336e+00,-1.730113928418139935e-01,-3.203072161984935828e+00,-6.541254010529768959e-01,4.479036121823987138e-02
-6.504011891958391134e-01,3.336834589188183209e+00,-1.874644276484859484e-01,-3.197934012648336655e+00,-6.537333602721481229e-01,4.461883390078590778e-02
-6.499985691041058056e-01,3.345758624099046674e+00,-2.012165640890557494e-01,-3.192865318297926081e+00,-6.533427267348496104e-01,4.444721780155028862e-02
-6.495991009890224044e-01,3.354054774025339469e+00,-2.142784420391476985e-01,-3.187859655740410414e+00,-6.529552424194948745e-01,4.427591208712954030e-02
-6.492044040777419367e-01,3.361726798505217495e+00,-2.266611788382605353e-01,-3.182910186118538043e+00,-6.525725258407184537e-01,4.410528334717007254e-02
-6.488159756649565235e-01,3.368778490950294024e+00,-2.383761252822987065e-01,-3.178009824436448305e+00,-6.521960736605472153e-01,4.393566625970274364e-02
-6.484351929289481342e-01,3.375213611852613038e+00,-2.494346488284848729e-01,-3.173151390901623348e+00,-6.518272625003258547e-01,4.376736442170938574e-02
-6.480633148623295980e-01,3.381035830312240087e+00,-2.598479425173569335e-01,-3.168327745018147734e+00,-6.514673508675051794e-01,4.360065129246638860e-02
-6.477014842465095290e-01,3.386248673290296107e+00,-2.696268577944260225e-01,-3.163531903591620953e+00,-6.511174811263442663e-01,4.343577120548489795e-02
-6.473507296125309285e-01,3.390855481934126558e+00,-2.787817592392516919e-01,-3.158757143933674794e+00,-6.507786814551851373e-01,4.327294041257168794e-02
-6.470119671429152008e-01,3.394859374301788968e+00,-2.873223991490528317e-01,-3.153997093604962387e+00,-6.504518677449395714e-01,4.311234813046751352e-02
-6.466860024793782413e-01,3.398263213822052986e+00,-2.952578099484805541e-01,-3.149245808028532601e+00,-6.501378454036561561e-01,4.295415756658298168e-02
-6.463735324097871215e-01,3.401069582855223761e+00,-3.025962124824398414e-01,-3.144497837256654105e+00,-6.498373110405382125e-01,4.279850690552346876e-02
-6.460751464145996215e-01,3.403280760762517954e+00,-3.093449383751356585e-01,-3.139748283096337023e+00,-6.495508540096517347e-01,4.264551024240315763e-02
-6.457913280584137716e-01,3.404898705942153381e+00,-3.155103647904161090e-01,-3.134992847702280816e+00,-6.492789577989475092e-01,4.249525845245507444e-02
-6.455224562163336399e-01,3.405925041344803006e+00,-3.210978600943695249e-01,-3.130227874638508823e+00,-6.490220012542990968e-01,4.234781998922769464e-02
-6.452688061277979115e-01,3.406361043036768343e+00,-3.261117390925794557e-01,-3.125450383297248003e+00,-6.487802596311981196e-01,4.220324160580599115e-02
-6.450305502725004470e-01,3.406207631434199801e+00,-3.305552266856469634e-01,-3.120658097449658719e+00,-6.485539054687269322e-01,4.206154899509155498e-02
-6.448077590642011803e-01,3.405465364884735280e+00,-3.344304289538410080e-01,-3.115849468590440097e+00,-6.483430092816026002e-01,4.192274734630591776e-02
-6.446004013587369741e-01,3.404134435323381336e+00,-3.377383108429429792e-01,-3.111023694628675340e+00,-6.481475400665902553e-01,4.178682181561891446e-02
-6.444083447725035274e-01,3.402214665777099079e+00,-3.404786797776669371e-01,-3.106180734371250196e+00,-6.479673656195500397e-01,4.165373790921833574e-02
-6.442313558072042534e-01,3.399705509537469528e+00,-3.426501746765542866e-01,-3.101321318142862271e+00,-6.478022526589019003e-01,4.152344177728876234e-02
-6.440690997758375946e-01,3.396606050863355541e+00,-3.442502599837410915e-01,-3.096446954787686057e+00,-6.476518667504700399e-01,4.139586041730947824e-02
-6.439211405237922348e-01,3.392915007116110715e+00,-3.452752244697689377e-01,-3.091559935201404929e+00,-6.475157720275634965e-01,4.127090178486096661e-02
-6.437869399376103807e-01,3.388630732269299006e+00,-3.457201846873170781e-01,-3.086663332447652230e+00,-6.473934306988420317e-01,4.114845480978843173e-02
-6.436658572325137939e-01,3.383751221773760864e+00,-3.455790931002997723e-01,-3.081760998418732633e+00,-6.472842023350469098e-01,4.102838931514748988e-02
-6.435571480082233897e-01,3.378274118798028081e+00,-3.448447510383167991e-01,-3.076857556905581159e+00,-6.471873429241143949e-01,4.091055583588778383e-02
-6.434599630609876275e-01,3.372196721904394234e+00,-3.435088267652147698e-01,-3.071958392844905905e+00,-6.471020036825702038e-01,4.079478533375067995e-02
-6.433733469381234249e-01,3.365515994263267086e+00,-3.415618790928405812e-01,-3.067069637410969385e+00,-6.470272296094936593e-01,4.068088880440431238e-02
-6.432962362198264561e-01,3.358228574553711265e+00,-3.389933871212966188e-01,-3.062198148514114759e+00,-6.469619577677894195e-01,4.056865677245314467e-02
-6.432274575115946025e-01,3.350330789747231197e+00,-3.357917868474544765e-01,-3.057351486156610676e+00,-6.469050152760915662e-01,4.045785866968529265e-02
-6.431657251294135014e-01,3.341818670025738847e+00,-3.319445155563295891e-01,-3.052537881977451129e+00,-6.468551169934303458e-01,4.034824209181123861e-02
-6.431096384589862769e-01,3.332687966144154856e+00,-3.274380650970921125e-01,-3.047766202190395290e+00,-6.468108628779195568e-01,4.023953192906425808e-02
-6.430576789698740914e-01,3.322934169613895872e+00,-3.222580453484872320e-01,-3.043045902983104511e+00,-6.467707350003114586e-01,4.013142936644946424e-02
-6.430082068656198802e-01,3.312552536156111227e+00,-3.163892593980787704e-01,-3.038386977299494252e+00,-6.467330941934654742e-01,4.002361075023286308e-02
-6.429594573519433753e-01,3.301538112953159132e+00,-3.098157921958263894e-01,-3.033799891772941848e+00,-6.466961763197937030e-01,3.991572631855858089e-02
-6.429095365071630930e-01,3.289885770313142999e+00,-3.025211146933942108e-01,-3.029295512416276370e+00,-6.466580881408133807e-01,3.980739879599521497e-02
-6.428564167424029030e-01,3.277590238454421545e+00,-2.944882057425556865e-01,-3.024885017508491813e+00,-6.466168027763357085e-01,3.969822185448431545e-02
-6.427979318441980894e-01,3.264646150212914488e+00,-2.856996942925649208e-01,-3.020579795952707869e+00,-6.465701547458780896e-01,3.958775844675942179e-02
-6.427317715992019176e-01,3.251048090571593274e+00,-2.761380246870995814e-01,-3.016391329222402273e+00,-6.465158345919719274e-01,3.947553902300568462e-02
-6.426554760101989006e-01,3.236790654003824486e+00,-2.657856481011184324e-01,-3.012331054873957914e+00,-6.464513830945434192e-01,3.936105964753432856e-02
-6.425664291249707505e-01,3.221868510703214561e+00,-2.546252433552407268e-01,-3.008410209497784926e+00,-6.463741850978862447e-01,3.924378003975425439e-02
-6.424618525151127857e-01,3.206276482832500552e+00,-2.426399704708596672e-01,-3.004639648927351470e+00,-6.462814629872959404e-01,3.912312157292430204e-02
-6.423387984609725265e-01,3.190009631949842106e+00,-2.298137603447940602e-01,-3.001029643550962689e+00,-6.461702698715157123e-01,3.899846527521838579e-02
-6.421941429216333486e-01,3.173063358745946694e+00,-2.161316437790664347e-01,-2.997589646707234046e+00,-6.460374825498954587e-01,3.886914989061352604e-02
-6.420245783951880059e-01,3.155433516129070082e+00,-2.015801227394380113e-01,-2.994328034431092522e+00,-6.458797943694952748e-01,3.873447007197948488e-02
-6.418266068039412131e-01,3.137116536502540853e+00,-1.861475860648952318e-01,-2.991251815298617611e+00,-6.456937081067664064e-01,3.859367479528352102e-02
-6.415965325705870193e-01,3.118109573763244047e+00,-1.698247708299421288e-01,-2.988366309847025004e+00,-6.454755290398580536e-01,3.844596610153527133e-02
-6.413304560830083156e-01,3.098410660080125556e+00,-1.526052690889360408e-01,-2.985674800073417678e+00,-6.452213584092141296e-01,3.829049829113581604e-02
-6.410242677743891448e-01,3.078018876861209563e+00,-1.344860777279030528e-01,-2.983178150891629077e+00,-6.449270874931803954e-01,3.812637771235834888e-02
-6.406736430679351724e-01,3.056934538463788709e+00,-1.154681865528635748e-01,-2.980874407187362518e+00,-6.445883925479651833e-01,3.795266329992995347e-02
-6.402740384466234502e-01,3.035159386135588111e+00,-9.555719652905596273e-02,-2.978758372270431831e+00,-6.442007308724398973e-01,3.776836802866727349e-02
-6.398206889018792642e-01,3.012696788405750059e+00,-7.476395628610665867e-02,-2.976821176052497187e+00,-6.437593382517616813e-01,3.757246144783527031e-02
-6.393086069839938324e-01,2.989551942714491428e+00,-5.310520073975887045e-02,-2.975049844096135043e+00,-6.432592280027332743e-01,3.736387345090254331e-02
-6.387325836144424063e-01,2.965732071559936234e+00,-3.060417118354505708e-02,-2.973426881629961827e+00,-6.426951917811734027e-01,3.714149940907516406e-02
-6.380871907200262871e-01,2.941246604977387769e+00,-7.291191838838820272e-03,-2.971929889463075902e+00,-6.420618022113415702e-01,3.690420675217543495e-02
-6.373667856074338722e-01,2.916107339925928965e+00,1.679582587866950208e-02,-2.970531231131054106e+00,-6.413534172561283775e-01,3.665084301491957491e-02
